station,valid,name,state,wfo,high,high_record_years,high_normal,high_time,low,low_record,low_record_years,low_normal,low_time,precip,precip_normal,precip_month,precip_jan1,precip_jan1_normal,precip_jul1,precip_dec1,precip_dec1_normal,precip_record,precip_record_years,precip_jan1_depart,snow,snowdepth,snow_normal,snow_month,snow_jun1,snow_jul1,snow_dec1,snow_record,snow_record_years,snow_jul1_normal,snow_dec1_normal,snow_month_normal,snow_jul1_depart
KGTF,2/3/2020,GREAT FALLS INTL,MT,TFX,33,1935,37,245 PM,6,-35,1989,16,724 AM,T,0.02,T,0.07,0.56,M,M,M,0.4,2019,-0.56,T,0,M,T,M,63.5,3.1,4.2,2019,32.7,19,0.9,30.8
KRMG,2/3/2020,ROME/RUSSELL(RAMOS),GA,FFC,78,,53,426 PM,33,M,,31,748 AM,0,0.16,T,4.94,5.34,M,11.28,9.72,M,,-0.4,0,0,M,0,M,0,0,M,,M,M,M,M
K55N,2/3/2020,ATLANTIC CITY MARINA,NJ,PHI,61,2006,42,248 PM,38,-4,1881,30,418 AM,0,0.1,0.16,1.67,3.39,M,6.5,7.01,1.61,1880,-1.72,M,M,M,M,M,M,M,M,,M,M,M,M
TISX,2/3/2020,Christiansted,VI,SJU,85,1998,84,239 PM,70,64,1984,72,702 AM,0,0.07,T,2.83,2.34,M,4.61,5.31,1.09,1956,0.49,0,M,M,0,M,0,0,M,,0,0,0,0
KLSE,2/3/2020,LA CROSSE,WI,ARX,42,1928,28,113 PM,24,-35,1996,10,734 AM,0,0.03,0,1.01,1.22,M,2.44,2.58,0.43,1936,-0.21,0,3,M,0,M,23.4,M,8.3,1936,27.3,M,1,-3.9
KMSN,2/3/2020,MADISON,WI,MKX,39,1992,28,120 PM,24,-29,1996,12,614 AM,0,0.05,0,1.74,1.36,M,3.26,3.1,1.2,1875,0.38,0,5,M,0,M,37.4,21.7,3.9,1936,31.8,27.7,1.3,5.6
KHWD,2/3/2020,HAYWARD AIR TERM,CA,MTR,57,2018,58,356 PM,35,37,2007,44,741 AM,0,M,0,1.4,M,M,M,M,M,,M,M,M,M,M,M,M,M,M,,M,M,M,M
KCVG,2/3/2020,CINCINNATI/COVINGTO,KY,ILN,64,1883,40,1009 PM,39,-9,1985,24,703 AM,0,0.11,T,4.14,3.32,M,7.72,6.69,1.34,1887,0.82,0,0,M,0,M,6.4,3.7,5.7,1995,13,12.2,0.9,-6.6
KEAU,2/3/2020,EAU CLAIRE,WI,MPX,36,1991 1934 1928,25,1035 AM,23,-34,1912,6,1159 PM,0,0.03,0,1.18,0.97,M,3.4,1.97,0.6,1919,0.21,0,10,M,0,M,43.7,32.3,5,1976,30,23.7,1,13.7
KMCI,2/3/2020,KANSAS CITY/INTL,MO,EAX,50,1934,40,1216 PM,34,-12,1996 2011,21,1159 PM,0,0.04,0,2.8,1.2,M,4.53,2.73,0.9,2012,1.6,0,0,M,0,M,14.1,12.2,6,1901,11.4,10,0.6,2.7
KCZZ,2/3/2020,CAMPO (AWRS),CA,SGX,52,2018,63,123 PM,39,18,1955,35,1159 PM,0.02,0.1,0.02,0.26,3.29,M,M,M,0.9,1988,-3.03,M,M,M,M,M,M,M,M,,M,M,M,M
KLWD,2/3/2020,LAMONI,IA,DMX,36,,35,432 PM,31,M,,16,1159 PM,0,0.04,0,M,M,M,M,M,M,,M,M,M,M,M,M,M,M,M,,M,M,M,M
KYKM,2/3/2020,YAKIMA WA,WA,PDT,47,2018,43,232 PM,16,-23,1950,25,413 AM,0,0.02,0,1.05,1.22,M,M,M,0.37,1998,-0.17,M,M,M,M,M,M,M,M,,M,M,M,M
KDUG,2/3/2020,DOUGLAS BISBEE INTL,AZ,TWC,M,1963,65,MM,M,5,2011,31,MM,M,0.02,M,M,0.82,M,M,M,0.62,1983,M,M,M,M,M,M,M,M,M,,M,M,M,M
KALS,2/3/2020,ALAMOSA MUNI(AWOS),CO,PUB,47,2018,37,215 PM,30,-31,2011,1,1026 PM,0,0.01,0,0.14,0.29,M,M,M,0.3,2004,-0.15,0,0,M,0,M,15.4,M,4,1936,14.7,M,0.4,0.7
KBIH,2/3/2020,BISHOP AIRPORT,CA,VEF,40,2018,56,235 PM,20,7,1969,25,1013 PM,0,0.02,0,0.06,1.13,M,M,M,0.48,1998,-1.13,0,0,M,0,M,6.9,0.1,2,1946,6.9,6.6,0.2,0
KLAX,2/3/2020,LOS ANGELES INTL,CA,LOX,63,1963,65,340 PM,50,36,1948,49,1143 PM,0,0.11,0,0.38,3.02,M,M,M,3.1,1998,-2.64,0,M,M,0,M,0,0,M,,M,M,M,M
KIND,2/3/2020,INDIANAPOLIS,IN,IND,67,1927 1992 2019,37,503 PM,37,-11,1996,21,620 AM,0,0.08,T,5.32,2.91,M,8.37,6.08,2.5,1883,2.41,0,0,M,0,M,10.7,7.9,6.5,1982,17.4,16.3,0.8,-6.7
KART,2/3/2020,WATERTOWN INTL ARPT,NY,BUF,40,2016,30,400 PM,20,-26,1955,9,1225 AM,T,0.08,0.01,2.34,2.9,M,5.99,6.05,0.59,2006,-0.56,M,M,M,M,M,M,M,M,,M,M,M,M
KSLE,2/3/2020,SALEM/MCNARY,OR,PQR,43,1963,50,405 PM,28,-4,1950,35,1143 PM,0.03,0.18,0.27,8.22,6.46,M,M,M,0.97,1990,1.76,M,M,M,M,M,M,M,M,,M,M,M,M
KEUG,2/3/2020,EUGENE/MAHLON SWEET,OR,PQR,46,2018 1917,49,236 PM,28,-3,1950,35,1159 PM,0.01,0.19,0.12,6.71,7.43,M,M,M,1.13,1952,-0.72,T,M,M,T,M,T,T,M,,M,M,M,M
KICR,2/3/2020,WINNER,SD,UNR,32,,36,1209 AM,22,M,,15,1159 PM,0,0.01,0,0.06,0.3,M,0.51,0.64,M,,-0.3,M,M,M,M,M,M,M,M,,M,M,M,M
KPVD,2/3/2020,PROVIDENCE/GREEN,RI,BOX,49,1991,38,314 PM,28,-3,1955,22,311 AM,0,0.11,0.06,1.32,4.2,M,9.43,8.42,2.17,1970,-2.88,0,0,M,0,M,11.6,11.6,4.5,1996,20.2,18.7,1,-8.6
KCKV,2/3/2020,CLARKSVILLE/OUTLAW,TN,OHX,74,,47,230 PM,49,M,,27,1217 AM,T,0.17,T,5.04,3.81,M,M,M,M,,1.23,M,M,M,M,M,M,M,M,,M,M,M,M
KMEG,2/3/2020,Memphis,TN,MEG,70,2019 1995,50,MM,52,4,1996,31,MM,T,0.16,T,5.19,4.43,M,10.13,10.37,1.76,1990,0.76,0,0,M,0,M,T,T,T,2014 1996,M,M,M,M
KRAP,2/3/2020,RAPID CITY,SD,UNR,26,1962,38,121 PM,20,-25,1996,13,1159 PM,0.05,0.01,0.07,0.28,0.33,M,0.53,0.75,0.3,1955,-0.05,M,M,M,M,M,M,M,M,,M,M,M,M
KMSS,2/3/2020,MASSENA/RICHARDS,NY,BTV,39,,25,259 PM,24,M,,5,1159 PM,0,0.06,T,2.38,2.36,M,3.7,4.79,M,,0.02,M,M,M,M,M,M,M,M,,M,M,M,M
KCMH,2/3/2020,COLUMBUS,OH,ILN,63,1890,38,216 PM,33,-10,1985 1951,23,719 AM,T,0.08,0.03,4.4,2.98,M,7.16,5.95,0.69,1903,1.42,0,0,M,T,M,5.4,2.6,4.4,1961,16.1,15,0.8,-10.7
KDAY,2/3/2020,DAYTON,OH,ILN,62,1927,36,1038 PM,37,-12,1985,21,749 AM,T,0.08,T,3.83,2.96,M,7.14,6.08,0.76,1901,0.87,0,0,M,0,M,7.9,4.7,3.4,2000,14.1,13.1,0.7,-6.2
KN60,2/3/2020,GARRISON,ND,BIS,23,,M,None,10,M,,M,None,0,M,0,0.25,M,M,1.12,M,M,,M,M,M,M,M,M,M,M,M,,M,M,M,M
KJMS,2/3/2020,JAMESTOWN,ND,BIS,27,1991,22,1254 AM,10,-37,1917,2,1159 PM,0,0.01,0,0.05,0.48,M,0.23,0.88,0.17,1938,-0.48,M,M,M,M,M,M,M,M,,M,M,M,M
KBIS,2/3/2020,BISMARCK,ND,BIS,30,2005,25,1224 AM,13,-38,1905,4,1115 PM,0,0.01,T,0.24,0.47,M,0.85,0.96,0.31,1971,-0.23,0,1,M,0,M,43.6,13.4,4.9,1971,30.2,19,0.8,13.4
KHEI,2/3/2020,HETTINGER,ND,BIS,28,,29,105 PM,14,M,,7,1118 PM,0,0.02,0,T,0.37,M,0.06,0.68,M,,-0.37,M,M,M,M,M,M,M,M,,M,M,M,M
KEKN,2/3/2020,ELKINS/RANDOLPH FLD,WV,RLX,67,2016,40,417 PM,31,-13,1905,20,724 AM,0,0.1,0.27,3.79,3.55,M,M,M,1.89,1939,0.24,0,0,M,0.2,M,M,M,4.4,2013,M,M,2.2,M
KGUY,2/3/2020,GUYMON,OK,AMA,50,2019,52,216 AM,30,M,,22,1159 PM,0,0.01,0,1.2,0.44,M,2.04,1.08,M,,0.76,M,M,M,M,M,M,M,M,,M,M,0,M
KGFK,2/3/2020,GRAND_FORKS,ND,FGF,25,1991,19,1245 AM,-9,-36,1907,-2,1114 PM,0,0.01,0,0.78,0.59,M,2.28,1.2,0.35,1943,0.19,0,14,M,0,M,52.5,32.4,6.2,1943,31.3,22.1,0.7,21.2
KTLH,2/3/2020,TALLAHASSEE RGNL,FL,TAE,76,1989,65,416 PM,34,15,1917,40,719 AM,0,0.15,T,1.33,4.81,M,4.79,8.71,2.04,2016 1982,-3.48,0,M,M,M,M,M,M,M,,M,M,M,M
KUAO,2/3/2020,AURORA STATE,OR,PQR,47,,M,251 PM,30,M,,M,1159 PM,0.02,M,0.24,7.3,M,M,M,M,M,,M,M,M,M,M,M,M,M,M,,M,M,M,M
KUKI,2/3/2020,Ukiah,CA,EKA,53,2018,59,333 PM,30,21,1910,38,738 AM,0,0.2,T,3.3,7.53,M,M,M,1.66,1998 1927,-4.23,0,0,M,0,M,0,0,M,,M,M,M,M
KRBG,2/3/2020,ROSEBURG MUNICIPAL,OR,MFR,46,2018 2006 1963,52,200 PM,31,19,1950,37,1159 PM,0.01,0.18,0.17,7.37,5.61,M,M,M,0.88,2015,1.76,M,M,M,M,M,0,M,M,,M,M,M,M
KLOT,2/3/2020,ROMEOVILLE/CHI,IL,LOT,49,1992,32,None,29,-19,1996,17,None,0,0.06,0.03,2.91,2.1,M,4.19,4.35,0.43,2008,0.81,0,0,M,0.3,M,12,8.5,3.8,2008,21.8,20.9,0.8,-9.8
KUNO,2/3/2020,WEST PLAINS,MO,SGF,66,1962,46,428 PM,50,-8,1985,24,155 AM,0,0.09,0,4.74,2.98,M,6.11,6.62,1.19,2012,1.76,M,M,M,M,M,M,M,M,,M,M,M,M
KDBQ,2/3/2020,DUBUQUE,IA,DVN,39,1928 1882,28,301 PM,26,-27,1996,13,242 AM,0,0.05,T,1.79,1.3,M,3.18,3.14,0.5,1936,0.49,0,5,M,T,M,29.4,14.7,M,,25.7,22.9,1.1,3.7
KARR,2/3/2020,CHICAGO/AURORA,IL,LOT,48,2005,30,211 PM,27,-20,2014,13,632 AM,0,0.04,0.07,2.46,1.59,M,3.87,3.55,0.44,2006,0.87,M,M,M,M,M,M,M,M,,M,M,M,M
KUGN,2/3/2020,WAUKEGAN,IL,LOT,41,2019,30,118 PM,26,-8,2014 2007,16,458 AM,0,0.05,0.01,2.53,1.54,M,4.06,3.54,0.12,2008,0.99,M,M,M,M,M,M,M,M,,M,M,M,M
KSPI,2/3/2020,SPRINGFIELD,IL,ILX,66,1890,36,238 PM,33,-19,1996,20,518 AM,0,0.05,T,4.49,1.98,M,6.4,4.5,2.09,1883,2.51,0,0,M,0,M,17.3,10.3,3.7,1949,13.2,12.6,0.6,4.1
KDMO,2/3/2020,SEDALIA,MO,EAX,69,,42,206 PM,38,M,,24,1159 PM,0,0.06,0,3.02,1.87,M,4.29,4.19,M,,1.15,M,M,M,M,M,M,M,M,,M,M,M,M
KCOU,2/3/2020,COLUMBIA,MO,LSX,72,1890 1962,40,152 PM,40,-13,1996,22,1112 PM,0,0.07,0,3.74,2.12,M,5.36,4.56,1.78,1903,1.62,0,0,M,0,M,13.8,12.3,4.5,1912,12,11.1,0.6,1.8
K33V,2/3/2020,WALDEN,CO,BOU,37,,M,1200 PM,9,M,,M,1100 PM,M,M,M,M,M,M,M,M,M,,M,0,0,M,M,M,M,M,M,,M,M,M,M
KPIA,2/3/2020,PEORIA,IL,ILX,56,1992,34,253 PM,32,-19,1996,18,1234 AM,0,0.05,0.01,3.45,1.93,M,5.84,4.35,1.2,1903,1.52,0,T,M,0,M,20.1,14.1,6,1900,15.8,14.7,0.7,4.3
KBDE,2/3/2020,BAUDETTE MN,MN,FGF,26,1991,17,1203 AM,-4,-45,1989,-1,1159 PM,0,0.01,T,0.35,0.65,M,0.67,1.19,0.25,1934,-0.3,M,M,M,M,M,M,M,M,,M,M,M,M
KMOB,2/3/2020,MOBILE/BATES FIELD,AL,MOB,71,1989,62,130 PM,42,11,1951,41,632 AM,0,0.2,0,4.57,6.23,M,M,M,1.62,1960,-1.66,0,0,M,0,M,0,M,M,,T,M,0,0
KALW,2/3/2020,WALLA WALLA WA,WA,PDT,39,2005 1991,44,316 PM,27,-15,1950,32,526 AM,0,0.06,0.12,2.3,2.7,M,M,M,0.64,2019,-0.4,M,M,M,M,M,M,M,M,,M,M,M,M
KPOU,2/3/2020,POUGHKEEPSIE,NY,ALY,52,2016,37,437 PM,30,-15,1961,16,1043 PM,0,0.09,T,1.45,3.36,M,5.83,6.89,1.83,1982,-1.91,M,M,M,M,M,M,M,M,,M,M,M,M
KPOF,2/3/2020,POPLAR BLUFF MO,MO,PAH,64,1943,46,1238 PM,47,-1,1996,28,424 AM,T,0.11,T,5.39,3.99,M,7.06,8.59,2.79,1989,1.4,M,M,M,M,M,M,M,M,,M,M,M,M
KJDN,2/3/2020,JORDAN (RAMOS),MT,GGW,34,,31,410 PM,19,M,,8,1118 PM,0,0.01,0,0.41,0.25,M,M,M,M,,0.16,0,0,M,0,M,0,0,M,,M,M,M,M
KDCA,2/3/2020,WASHINGTON/NATIONAL,VA,LWX,63,1927,45,330 PM,42,0,1895,29,732 AM,0,0.1,0.07,2.86,3.1,M,6.14,6.15,1.48,2014,-0.24,0,0,M,0,M,0.6,M,9.2,1886,9.1,M,0.7,-8.5
KPBG,2/3/2020,PLATTSBURGH AFB,NY,BTV,41,,28,330 PM,21,M,,7,1247 AM,T,M,T,2.37,M,M,3.66,M,M,,M,M,M,M,M,M,M,M,M,,M,M,M,M
KPHD,2/3/2020,NEW PHILADELPHIA,OH,PBZ,65,2016,39,434 PM,29,-3,1961,21,724 AM,0,0.07,0.04,3.54,2.82,M,M,M,0.57,2016,0.72,M,M,M,M,M,M,M,M,,M,M,M,M
KTVL,2/3/2020,SOUTH LAKE TAHOE,CA,REV,26,2015,43,329 PM,8,-12,1969,17,735 AM,0,M,0.07,0.88,M,M,M,M,M,,M,M,M,M,M,M,M,M,M,,M,M,M,M
KSJT,2/3/2020,SAN ANGELO/MATHIS,TX,SJT,73,1976 1962 1924,61,313 PM,55,12,1916,35,732 AM,T,0.04,T,1.12,1.05,M,2.4,1.9,1.85,2010,0.07,0,0,M,0,M,T,M,0.3,1956,1.8,M,0,-1.8
KONT,2/3/2020,ONTARIO INTL ARPT,CA,SGX,60,2018 2009 2006,65,151 PM,45,31,2002,45,526 AM,0.01,0.08,0.01,0.09,3.54,M,M,M,0.42,2008,-3.54,M,M,M,M,M,M,M,M,,M,M,M,M
KRAL,2/3/2020,RIVERSIDE MUNICIPAL,CA,SGX,57,1963,66,325 PM,47,26,1932 1903,44,1159 PM,T,0.06,T,0.08,3.1,M,M,M,1.36,1998,-3.1,M,M,M,M,M,M,M,M,,M,M,M,M
KPKD,2/3/2020,PARK RAPIDS MN,MN,FGF,26,1991,20,159 AM,-1,-42,1996,-3,1159 PM,0,0.01,0,0.5,0.55,M,1.64,1.12,0.4,1907,-0.05,M,M,M,M,M,M,M,M,,M,M,M,M
KZZV,2/3/2020,ZANESVILLE,OH,PBZ,66,1903 2016,38,226 PM,32,-19,1951,21,713 AM,T,0.08,0.07,3.75,2.9,M,M,M,0.79,1952,0.85,M,M,M,M,M,M,M,M,,M,M,M,M
KORD,2/3/2020,CHICAGO O HARE,IL,LOT,48,1992,32,135 PM,30,-19,1996,17,445 AM,0,0.05,0.01,2.81,1.88,M,4.36,4.13,1.52,1896,0.93,0,0,M,T,M,18.1,9.8,11,1896,21.5,20.1,1.1,-3.4
KYNG,2/3/2020,YOUNGSTOWN,OH,CLE,60,2016,34,448 PM,35,-11,1951,19,801 AM,0,0.07,0.15,3.68,2.77,M,7.73,5.76,M,,0.91,0,0,M,1.5,M,31.3,22.5,M,,37.4,33,1.4,-6.1
KJLN,2/3/2020,Joplin,MO,SGF,72,1962,47,211 PM,41,-11,2011,26,1159 PM,0,0.07,0,3.66,2.23,M,5.03,5.05,1.82,1986,1.43,M,M,M,M,M,M,M,M,,M,M,M,M
KTOL,2/3/2020,TOLEDO,OH,CLE,57,2019,33,328 PM,29,-14,1976,19,808 AM,0,0.07,0.02,3.63,2.25,M,6.08,4.93,M,,1.38,0,0,M,0,M,11.4,7.3,M,,22.2,20.1,1.1,-10.8
KMFD,2/3/2020,MANSFIELD,OH,CLE,61,2016,34,411 PM,32,-10,1945,19,716 AM,0,0.08,0.04,3.84,3.12,M,7.41,6.41,M,,0.72,0,0,M,0,M,9.8,6.7,M,,27.8,25.1,1.3,-18
KCAK,2/3/2020,Akron / Canton,OH,CLE,62,2016,34,336 PM,34,-11,1951,20,701 AM,0,0.08,0.04,3.32,2.85,M,7.12,5.69,M,,0.47,0,0,M,T,M,16.5,13.8,M,,27.2,23.8,1.2,-10.7
KGGW,2/3/2020,GLASGOW INTL ARPT,MT,GGW,34,2005,26,317 PM,16,-40,1907,6,1133 PM,0,0.01,0.01,0.3,0.4,M,M,M,0.42,2019,-0.1,0,T,M,0.1,M,22.2,10.1,9.5,2019,23.1,16.5,0.5,-0.9
KALB,2/3/2020,ALBANY COUNTY ARPT,NY,ALY,47,2016,32,352 PM,27,-18,1955,15,1131 PM,T,0.08,0.01,2.02,2.83,M,6.56,5.76,1.39,1883,-0.81,T,0,M,0.3,M,35.6,33.3,6.1,2004,36.1,33,1.4,-0.5
KLGA,2/3/2020,NEW YORK/LA GUARDIA,NY,OKX,56,1991,40,451 PM,37,1,1955,27,110 AM,T,0.1,0.07,1.69,3.46,M,8.86,7.02,1.08,2014,-1.77,0,0,M,0,M,4.6,M,7.7,2014,13.9,M,1,-9.3
KBGM,2/3/2020,BINGHAMTON/BROOME,NY,BGM,46,1991,30,431 PM,31,-12,1955,16,1215 AM,T,0.08,0.24,3.01,2.69,M,6.84,5.52,0.94,1983,0.32,T,6,M,3.9,M,43.3,36.7,5.7,2004,48.7,41.9,1.9,-5.4
KCLE,2/3/2020,CLEVELAND,OH,CLE,62,2016,35,320 PM,35,-8,1996 1951,22,721 AM,0,0.08,0.05,3.05,2.96,M,5.9,6.06,M,,0.09,0,0,M,0.3,M,18.4,14.9,M,,39,34.5,1.7,-20.6
KJBR,2/3/2020,JONESBORO MUNICIPAL,AR,MEG,65,1943,48,414 PM,51,1,1996,30,154 AM,T,0.13,T,6.4,3.81,M,8.95,8.58,2.55,1939,2.59,M,M,M,M,M,M,M,M,,M,M,M,M
KFAT,2/3/2020,FRESNO AIR TERMINAL,CA,HNX,55,2000,59,400 PM,35,25,1957,40,717 AM,0,0.07,0,0.66,2.41,M,M,M,0.92,1946,-1.75,0,0,M,0,M,0,0,M,,M,M,M,M
KGNV,2/3/2020,GAINESVILLE RGNL,FL,JAX,75,1950,68,353 PM,37,17,1917,44,746 AM,0,0.11,0,0.76,3.65,M,6.8,6.13,6.25,1970,-2.89,0,M,M,M,M,M,M,0,,M,M,M,M
KMCO,2/3/2020,ORLANDO JETPORT,FL,MLB,75,1894 2014,72,351 PM,44,24,1917,51,404 AM,0,0.09,0.16,0.78,2.61,M,5.73,5.19,3.55,1970,-1.83,0,M,M,0,M,0,M,M,,M,M,M,M
KVRB,2/3/2020,VERO BEACH MUNI,FL,MLB,70,1990 2014 2019,73,234 PM,39,32,1976,53,652 AM,0,0.09,0.32,1.47,2.77,M,8.39,4.96,2,1991,-1.3,0,M,M,0,M,0,M,M,,M,M,M,M
KRFD,2/3/2020,ROCKFORD,IL,LOT,44,1992 1931,31,237 PM,25,-24,1996,15,749 AM,0,0.04,T,2.6,1.49,M,4.28,3.47,0.34,2008,1.11,0,2,M,T,M,23.4,14.6,3.8,2008,24.3,22.5,1,-0.9
KHVR,2/3/2020,HAVRE (AMOS),MT,TFX,31,1962,31,234 PM,11,-55,1887,9,1051 PM,0,0.01,0,0.36,0.36,M,M,M,0.41,2019,0,0,T,M,T,M,47.4,10.2,5,2019,22.7,15.1,0.6,24.7
KLWT,2/3/2020,LEWISTOWN MUNICIPAL,MT,TFX,29,1935 2005,35,245 PM,13,-33,1989,14,800 AM,T,0.02,0.04,0.46,0.62,M,M,M,0.26,2019,-0.16,T,T,M,M,M,M,M,M,,M,M,M,M
KLVM,2/3/2020,LIVINGSTON/MISSION,MT,BYZ,22,2005,38,230 PM,-6,-33,1989,18,1137 PM,0.01,0.02,0.16,0.42,0.54,M,M,M,0.27,1986,-0.12,M,M,M,M,M,M,M,M,,M,M,M,M
KMSO,2/3/2020,MISSOULA/BELL FIELD,MT,MSO,28,1934,36,658 PM,8,-24,1996,20,831 AM,0,0.02,0.04,0.84,0.92,M,M,M,0.65,1907,-0.08,0,0,M,0.5,M,19.3,12.9,M,,M,M,M,M
KMLS,2/3/2020,MILES CITY,MT,BYZ,31,1962,32,147 PM,20,-36,1982,11,1159 PM,0,0.01,T,0.21,0.34,M,M,M,0.11,1971,-0.13,M,M,M,M,M,M,M,M,,M,M,M,M
KOKC,2/3/2020,OKLAHOMA CITY(AWOS),OK,OUN,67,1962 1934,52,117 PM,38,0,1996 1989,30,1159 PM,0,0.04,0,3.14,1.53,M,3.81,3.41,1.13,1960,1.61,0,0,M,0,M,0.1,0.1,1,1913,5.5,5.1,0.2,-5.4
KATT,2/3/2020,Austin,TX,EWX,73,2008 1911,63,420 PM,56,16,1951,43,323 AM,T,0.06,T,2.38,2.42,M,3.21,4.82,1.81,1992,-0.04,0,0,M,0,M,0,0,M,,M,M,M,M
KAUS,2/3/2020,Austin Bergstrom,TX,EWX,73,1976,63,526 PM,54,16,1951,38,407 AM,T,0.07,T,2.21,2.41,M,2.99,4.62,1.7,1992,-0.2,0,0,M,0,M,0,0,M,,M,M,M,M
KAMA,2/3/2020,AMARILLO ARPT(AWOS),TX,AMA,56,1934,52,848 AM,30,-5,2011,24,1159 PM,0,0.03,0,0.25,0.79,M,1.25,1.5,0.8,2010,-0.54,0,0,M,0,M,5.5,T,9.5,1964,11.6,8.9,0.5,-6.1
KMAF,2/3/2020,MIDLAND REGIONAL,TX,MAF,75,1953 1976 1988,60,433 PM,50,9,2011,32,623 AM,T,0.02,T,0.67,0.63,M,1.18,1.23,1.23,2010,0.04,0,0,M,0,M,T,T,M,,M,M,M,M
KGPI,2/3/2020,KALISPELL,MT,MSO,31,1962 2005,34,426 PM,11,-32,1950,18,732 AM,T,0.03,0.01,1.78,1.43,M,M,M,0.43,2017,0.35,T,0,M,T,M,27.5,24.7,M,,M,M,M,M
KLAA,2/3/2020,LAMAR,CO,PUB,47,,47,202 AM,23,M,,15,1159 PM,T,0.01,T,0.17,0.34,M,M,M,M,,-0.17,M,M,M,M,M,M,M,M,,M,M,M,M
KRKS,2/3/2020,ROCK SPRINGS,WY,RIW,24,1976,31,1238 AM,5,-22,1989,13,1159 PM,0.02,0.01,0.02,0.03,0.5,M,0.17,1,0.38,1961,-0.5,M,M,M,M,M,M,M,M,,M,M,M,M
KWVI,2/3/2020,Watsonville,CA,MTR,58,2018,62,259 PM,33,34,2002,41,536 AM,0,M,0,2.04,M,M,M,M,M,,M,M,M,M,M,M,M,M,M,,M,M,M,M
KIAH,2/3/2020,HOUSTON INTERCONTINENTAL,TX,HGX,76,2008,64,139 PM,57,23,1951,44,301 AM,T,0.1,T,3.84,3.71,M,4.98,7.45,1.82,1992,0.13,0,M,M,0,M,0,M,M,,M,M,M,M
KHOU,2/3/2020,HOUSTON/HOBBY AIRPORT,TX,HGX,76,1957,64,104 PM,55,19,1951,46,203 AM,T,0.11,T,4.92,4.23,M,5.76,8.26,2.4,1992,0.69,0,M,M,0,M,0,M,M,,M,M,M,M
KMHT,2/3/2020,MANCHESTER,NH,BOX,47,2016,34,1219 PM,26,-17,1971,16,106 AM,0,0.07,T,1.99,3.22,M,7.35,6.5,0.82,2006,-1.23,0,0,M,T,M,36.5,M,M,,M,M,M,M
KRDD,2/3/2020,REDDING MUNICIPAL,CA,STO,54,2018,58,None,34,26,1985 1899,38,None,0,0.2,0,2.83,6.55,M,M,M,3.49,1929,-3.72,0,M,M,0,M,0,0,0,2002,M,M,M,M
KIGM,2/3/2020,KINGMAN (AMOS),AZ,VEF,58,1963 1912,58,1221 AM,22,13,2011 1949,33,1142 PM,0,0.04,0,0.03,1.15,M,M,M,1.26,1908,-1.15,M,M,M,M,M,M,M,M,,M,M,M,M
KPHX,2/3/2020,PHOENIX/SKY HARBOR,AZ,PSR,65,1925,69,325 PM,45,28,1910 1922,47,1159 PM,0,0.03,0,0.19,1,M,M,M,1.06,1908,-0.81,0,0,M,0,M,0,M,M,,M,M,M,M
KABI,2/3/2020,ABILENE MUNICIPAL,TX,SJT,72,1976,58,410 PM,56,7,1905,34,605 AM,T,0.04,T,1.83,1.15,M,2.81,2.38,1.44,1964,0.68,0,M,M,0,M,1,M,3.9,1956,3.4,M,0.1,-2.4
KCEC,2/3/2020,Crescent City,CA,EKA,48,1995 1984,53,149 PM,30,27,1899,42,730 AM,0,0.35,0.57,13.84,11.39,M,M,M,4.56,1908,2.45,0,0,M,0,M,0,0,M,,M,M,M,M
KOKB,2/3/2020,OCEANSIDE MUNICIPAL (WAS L32),CA,SGX,63,2000,66,1200 PM,46,28,2011,42,828 PM,T,0.06,T,0.61,2.82,M,M,M,0.44,2008,-2.21,M,M,M,M,M,M,M,M,,M,M,M,M
KCCR,2/3/2020,CONCORD/BUCHANAN,CA,MTR,56,2018,58,410 PM,33,33,2002,41,724 AM,0,M,0,0.97,M,M,M,M,M,,M,M,M,M,M,M,M,M,M,,M,M,M,M
KBFD,2/3/2020,BRADFORD REGIONAL,PA,CTP,50,1991 2016 2019,30,425 PM,33,-13,1971,14,927 PM,0,0.08,0.14,2.41,3.54,M,M,M,1.06,1961,-1.13,M,M,M,M,M,M,M,M,,M,M,M,M
KDRO,2/3/2020,DURANGO/LA PLATA CO,CO,GJT,42,,40,1018 AM,24,M,,11,1159 PM,0,0.04,0,0.46,1.23,M,2.15,2.4,M,,-0.77,M,M,M,M,M,M,M,M,,M,M,M,M
KAPA,2/3/2020,DENVER/CENTENNIAL,CO,BOU,31,,44,None,12,M,,19,None,0.07,0.02,0.07,0.2,0.5,M,0.36,1.11,M,,-0.3,M,0,M,M,M,M,M,M,,M,M,M,M
KEEO,2/3/2020,MEEKER,CO,GJT,45,,35,156 AM,9,M,,9,1159 PM,0.11,0.02,0.11,1.46,0.95,M,2.47,2.06,M,,0.51,M,M,M,M,M,M,M,M,,M,M,M,M
KASE,2/3/2020,ASPEN/SARDY FIELD,CO,GJT,43,,33,218 AM,15,M,,7,1159 PM,T,0.03,T,0.73,1.13,M,1.68,2.27,M,,-0.4,M,M,M,M,M,M,M,M,,M,M,M,M
KCEZ,2/3/2020,CORTEZ/MONTEZUMA CO,CO,GJT,47,,43,243 AM,20,M,,16,1159 PM,T,0.02,T,0.46,1.08,M,1.69,1.95,M,,-0.62,M,M,M,M,M,M,M,M,,M,M,M,M
KDFW,2/3/2020,DALLAS/FT WORTH,TX,FWD,73,1911,58,1132 AM,54,14,1996 1985 1905,37,745 AM,0.15,0.08,0.15,5.15,2.37,M,6.32,4.92,1.79,1993,2.78,0,0,M,0,M,0.2,0.2,0.2,2011 1956,0.6,0.6,0.1,-0.4
KAAF,2/3/2020,APALACHICOLA MUNI (ASOS),FL,TAE,69,2017,65,134 PM,43,20,1996,43,740 AM,0,0.14,T,1.89,4.82,M,6.02,8.13,3.35,2006,-2.93,0,M,M,M,M,M,M,M,,M,M,M,M
KECP,2/3/2020,Panama City,FL,TAE,72,,M,1234 PM,40,M,,M,435 AM,0,M,T,2.33,M,M,7.43,M,M,,M,M,M,M,M,M,M,M,M,,M,M,M,M
KMLB,2/3/2020,MELBOURNE REGIONAL,FL,MLB,68,1985,73,333 PM,43,35,1951 1979,50,717 AM,0,0.1,0.26,1.76,2.54,M,9.14,5.11,1,2006,-0.78,0,M,M,0,M,0,M,M,,M,M,M,M
KVLD,2/3/2020,VALDOSTA REGIONAL,GA,TAE,76,,64,358 PM,35,M,,40,722 AM,0,0.05,0,2.02,4.73,M,6.24,7.9,M,,-2.71,0,M,M,M,M,M,M,M,,M,M,M,M
KVPC,2/3/2020,CARTERSVILLE AIRPORT,GA,FFC,79,,53,413 PM,32,M,,31,703 AM,0,0.15,0.01,5.57,5.12,M,9.64,9.36,M,,0.45,0,0,M,0,M,0,0,M,,M,M,M,M
KMUO,2/3/2020,MOUNTAIN HOME AFB,ID,BOI,38,1953,41,None,24,-11,1956,23,None,0,0.03,T,1.2,0.08,M,M,M,0.52,1907,1.12,M,M,M,M,M,M,M,M,,M,M,M,M
KHUF,2/3/2020,TERRE HAUTE,IN,IND,69,,38,320 PM,33,M,,21,1255 AM,T,0.07,T,5.64,2.56,M,8.43,5.61,M,,3.08,M,M,M,M,M,M,M,M,,M,M,M,M
KPSF,2/3/2020,PITTSFIELD MUNI,MA,ALY,42,,30,341 PM,27,M,,13,1158 PM,0.01,0.08,0.01,1.3,3.16,M,6.5,6.16,M,,-1.86,M,M,M,M,M,M,M,M,,M,M,M,M
KHGR,2/3/2020,HAGERSTOWN REGIONAL,MD,LWX,69,,39,346 PM,47,M,,25,755 AM,0,0.09,0.06,2.81,2.94,M,5.86,5.83,M,,-0.13,M,M,M,M,M,M,M,M,,M,M,M,M
KMLT,2/3/2020,MILLINOCKET MUNI,ME,CAR,40,1970,25,132 PM,19,-26,1931,5,542 AM,T,0.06,T,2.23,3.11,M,5.89,6.64,2.01,1970,-0.88,M,M,M,M,M,M,M,M,,M,M,M,M
KSTJ,2/3/2020,ST. JOSEPH,MO,EAX,42,1934,39,153 AM,33,-13,2011,19,1159 PM,0,0.03,0,1.45,0.64,M,2.85,2.16,0.98,2012,0.81,M,M,M,M,M,M,M,M,,M,M,M,M
KEST,2/3/2020,ESTHERVILLE,IA,DMX,29,,26,1202 AM,17,M,,8,1159 PM,0,0.02,0,M,M,M,M,M,M,,M,M,M,M,M,M,M,M,M,,M,M,M,M
KTCS,2/3/2020,TRUTH OR CONSEQUENC,NM,EPZ,67,,58,124 PM,34,M,,31,328 AM,0,M,0,0.1,M,M,0.27,M,M,,M,M,M,M,M,M,M,M,M,,M,M,M,M
KCUT,2/3/2020,CUSTER,SD,UNR,18,,35,1208 AM,10,M,,14,1159 PM,0.18,0.02,0.18,0.53,0.39,M,0.85,0.77,M,,0.14,M,M,M,M,M,M,M,M,,M,M,M,M
KDMN,2/3/2020,DEMING MUNICIPAL,NM,EPZ,65,,60,347 PM,35,M,,30,739 AM,0,0.02,0,0.1,0.67,M,0.75,1.56,M,,-0.57,M,M,M,M,M,M,M,M,,M,M,M,M
KLAS,2/3/2020,LAS VEGAS/MCCARRAN,NV,VEF,52,2018,60,1213 AM,38,19,1972,41,1159 PM,0,0.02,0,0,0.6,M,M,M,0.28,1998,-0.6,0,0,M,0,M,0,0,T,1985,0.2,0.2,0,-0.2
KLMT,2/3/2020,KLAMATH FALLS/KINGS,OR,MFR,35,2009,42,338 PM,11,-8,1950,22,740 AM,0,0.07,0.01,1.51,2.01,M,M,M,0.7,1907,-0.5,M,M,M,M,M,M,M,M,,M,M,M,M
KMMV,2/3/2020,MCMINNVILLE MUNICIPAL AIRPORT,OR,PQR,47,1963,49,1230 PM,28,3,1950,35,1150 PM,T,0.22,0.18,8.75,6.72,M,M,M,0.89,1938,2.03,M,M,M,M,M,M,M,M,,M,M,M,M
KSPB,2/3/2020,SCAPPOOSE INDUSTRIAL APK (1S4),OR,PQR,46,,M,401 PM,29,M,,M,1159 PM,T,M,0.3,8.47,M,M,M,M,M,,M,M,M,M,M,M,M,M,M,,M,M,M,M
KHIO,2/3/2020,PORTLAND/HILLSBORO,OR,PQR,46,1963,49,234 PM,27,-7,1950,34,1142 PM,0.05,0.2,0.14,7.32,6.64,M,M,M,0.83,1963,0.68,M,M,M,M,M,M,M,M,,M,M,M,M
KPDT,2/3/2020,PENDLETON MUNICIPAL,OR,PDT,40,1926 1925,45,302 PM,23,-18,1950,30,623 AM,0,0.03,0.31,2.33,1.54,M,M,M,0.57,1913,0.79,0,0,M,0,M,8.6,M,4.2,2008,11.6,M,0.4,-3
KJST,2/3/2020,JOHNSTOWN/CAMBRIA,PA,CTP,59,1967,32,1158 PM,39,-8,1961,19,644 AM,0,0.08,0.16,2.96,3.13,M,M,M,1.26,1939,-0.17,M,M,M,M,M,M,M,M,,M,M,M,M
KMPO,2/3/2020,MT POCONO,PA,PHI,48,1973 2016,32,433 PM,31,-10,1917 1971,16,1143 PM,T,0.07,0.19,2.57,3.07,M,4.89,6.94,2.19,1983,-0.5,M,M,M,M,M,M,M,M,,M,M,M,M
KCRE,2/3/2020,NORTH MYRTLE BEACH,SC,ILM,64,1989,55,1043 AM,49,19,1942,37,747 AM,0,0.1,0.04,2.04,4.01,M,7.46,7.47,1.8,1952,-1.97,M,M,M,M,M,M,M,M,,M,M,M,M
KD07,2/3/2020,FAITH,SD,UNR,28,,31,1234 AM,19,M,,11,1005 PM,0,0.01,0,0.45,0.25,M,0.9,0.65,M,,0.2,M,M,M,M,M,M,M,M,,M,M,M,M
KABR,2/3/2020,ABERDEEN,SD,ABR,32,1991,25,119 AM,13,-38,1893,3,1056 PM,0,0.01,0,0.44,0.51,M,1.31,1.03,0.56,1997,-0.07,0,10,M,0,M,41.7,M,5.3,1997,21.6,M,0.6,20.1
KMBG,2/3/2020,MOBRIDGE,SD,ABR,32,2005 1991 1962,28,122 AM,16,-32,1996,7,1159 PM,0,0.02,T,0.35,0.33,M,1.03,0.77,0.53,1997,0.02,0,1,M,T,M,33.9,M,10,1997,M,M,M,M
KLRD,2/3/2020,LAREDO INTL AIRPORT,TX,CRP,75,1936,70,MM,61,22,1951,48,MM,T,0.03,T,0.31,1,M,0.63,1.88,0.98,2010,-0.69,0,0,M,0,M,0,0,M,,0,0,0,0
KGLS,2/3/2020,GALVESTON/SCHOLES,TX,HGX,72,1954,63,1246 PM,63,25,1996,49,357 AM,T,0.08,T,7.9,4.46,M,8.88,7.98,3.55,1992,3.44,0,M,M,0,M,0,M,M,,M,M,M,M
KBGD,2/3/2020,BORGER/HUTCHINSON,TX,AMA,58,1962,53,104 AM,34,-5,1989,28,1159 PM,0,0.02,0,0.2,0.66,M,1.12,1.43,1.18,1964,-0.46,0,0,M,0,M,7,0.5,10,1964,M,M,M,M
KCRP,2/3/2020,CORPUS CHRISTI,TX,CRP,79,2006,69,104 PM,60,19,1951,49,730 AM,T,0.05,T,0.8,1.71,M,4.82,3.54,5.8,1893,-0.91,0,0,M,0,M,0,0,0,,0.2,0.2,0,-0.2
KDDH,2/3/2020,BENNINGTON STATE (WAS 5B5),VT,ALY,41,,32,408 PM,25,M,,13,1155 PM,0.01,0.07,0.01,1.35,2.95,M,4.65,5.74,M,,-1.6,M,M,M,M,M,M,M,M,,M,M,M,M
KMVL,2/3/2020,MORRISVILLE,VT,BTV,38,,28,840 PM,20,M,,4,122 AM,T,0.06,T,2.29,2.71,M,4.29,5.35,M,,-0.42,M,M,M,M,M,M,M,M,,M,M,M,M
KVSF,2/3/2020,SPRINGFIELD/HARTNES,VT,BTV,41,,30,430 PM,24,M,,11,506 AM,T,0.09,T,3.12,3.18,M,7.81,6.45,M,,-0.06,M,M,M,M,M,M,M,M,,M,M,M,M
KOMK,2/3/2020,OMAK AIRPORT,WA,OTX,39,1962,37,108 PM,19,-25,1950,22,352 AM,0,0.05,0,1.28,2.05,M,M,M,0.42,1944,-0.77,M,M,M,M,M,M,M,M,,M,M,M,M
KHLG,2/3/2020,WHEELING/OHIO CO.,WV,PBZ,64,2016,38,425 PM,42,-9,1905,23,816 AM,0,0.07,0.02,2.83,2.84,M,M,M,1.06,1952,-0.01,M,M,M,M,M,M,M,M,,M,M,M,M
KMGW,2/3/2020,MORGANTOWN/HART FLD,WV,PBZ,65,1883,40,315 PM,40,-8,1905,24,758 AM,0,0.09,0.22,4.09,3.08,M,M,M,1.82,1939,1.01,M,M,M,M,M,M,M,M,,M,M,M,M
KBPI,2/3/2020,BIG PINEY (AMOS),WY,RIW,29,2000,26,1209 AM,0,-31,1996,-3,1051 PM,0.05,0.01,0.05,0.18,0.34,M,0.18,0.64,0.05,1989,-0.16,M,M,M,M,M,M,M,M,,M,M,M,M
KGEY,2/3/2020,GREYBULL/SOUTH BIG HORN CNTY APT,WY,RIW,24,2005,31,310 PM,13,-21,2017,7,1159 PM,0.13,0.01,0.15,0.25,0.25,M,0.26,0.53,0.1,2007,0,M,M,M,M,M,M,M,M,,M,M,M,M
KSEW,2/3/2020,Seattle NWS,WA,SEW,44,2012,M,MM,32,23,1996,M,MM,0.06,M,0.72,8.68,M,M,M,M,0.62,2017,M,T,M,M,T,M,3.8,M,M,,M,M,M,M
KFGF,2/3/2020,Grand Forks NWS,ND,FGF,26,1991,19,MM,-1,-36,1907,1,MM,0,0.02,0,0.7,0.76,M,2.44,1.41,0.54,1943,-0.06,0,13,M,0,M,49.8,32.1,11,1943,29.2,22.1,0.8,20.6
KSPS,2/3/2020,WICHITA FALLS/SHEP,TX,OUN,71,1962,56,248 PM,45,2,1985,31,1159 PM,T,0.04,T,2.89,1.27,M,3.48,2.89,0.57,1964,1.62,0,M,M,0,M,T,T,0.4,1956,2.8,2.5,0.1,-2.8
KICT,2/3/2020,WICHITA,KS,ICT,55,1934,45,1246 AM,34,-7,1989 1905,23,1159 PM,0,0.03,0,2.37,0.93,M,4.14,2.13,2.86,2012,1.44,0,0,M,0,M,4.8,4.4,3.8,1955,9.6,8.2,0.4,-4.8
KTVR,2/3/2020,VICKSBURG/TALLULAH RGNL APT,MS,JAN,71,1989 1974,57,313 PM,48,7,1951,37,637 AM,T,0.17,T,11.42,5.59,M,14.84,11.2,4.3,1956,5.83,M,M,M,M,M,M,M,M,,M,M,M,M
KPSP,2/3/2020,PALM SPRINGS RGNL,CA,SGX,62,2018,71,332 PM,48,28,1956,47,1042 PM,0,0.02,0,0.04,1.05,M,M,M,0.52,1998,-1.05,M,M,M,M,M,M,M,M,,M,M,M,M
KTRM,2/3/2020,THERMAL AIRPORT,CA,SGX,63,1995,73,317 PM,47,19,2011,39,1001 PM,0,0.02,0,T,0.73,M,M,M,0.35,1998,-0.73,M,M,M,M,M,M,M,M,,M,M,M,M
KEED,2/3/2020,NEEDLES CA,CA,VEF,62,2018,67,1207 AM,41,26,1932,45,1136 PM,0,0.03,0,T,0.8,M,M,M,1.5,1905,-0.8,M,M,M,M,M,M,M,M,,M,M,M,M
KDRA,2/3/2020,DESERT ROCK-MERCURY NV,NV,VEF,42,2018,57,334 PM,28,19,1979,34,1112 PM,0,0.02,0,T,0.81,M,M,M,0.44,1998,-0.81,0,M,M,0,M,T,0,0.4,1983,2.2,2,0,-2.2
KVGT,2/3/2020,NORTH_LAS_VEGAS NV,NV,VEF,52,2018,60,1224 AM,38,24,2011,41,1159 PM,0,0.02,0,T,0.76,M,M,M,0.05,2008 2004,-0.76,M,M,M,M,M,M,M,M,,M,M,M,M
KSLN,2/3/2020,SALINA,KS,ICT,54,1962,43,143 AM,32,-11,1905,22,1159 PM,0,0.04,0,0.98,0.74,M,2.43,1.68,1.51,2012,0.24,M,M,M,M,M,M,M,M,,M,M,M,M
KMOD,2/3/2020,MODESTO CITY/SHAM,CA,STO,55,2018,60,234 PM,37,27,1949,42,724 AM,0,0.09,0,0.69,2.88,M,M,M,1.91,1998,-2.19,0,0,M,0,M,0,0,0,2002,M,M,M,M
KMHK,2/3/2020,MANHATTAN,KS,TOP,50,,43,None,33,M,,18,None,0,0.03,0,1.74,0.75,M,2.49,1.77,M,,0.99,M,M,M,M,M,M,M,M,,M,M,M,M
KHQM,2/3/2020,HOQUIAM/BOWERMAN,WA,SEW,44,1954,49,411 PM,30,13,1989,38,1126 PM,0.01,0.28,1.1,21.01,11.17,M,M,M,1.18,1991,9.84,M,M,M,M,M,M,M,M,,M,M,M,M
KPSC,2/3/2020,PASCO/TRI-CITIES,WA,PDT,47,1925,46,325 PM,19,-23,1950,29,650 AM,0,0.04,T,1,1.33,M,M,M,1.56,1916,-0.33,M,M,M,M,M,M,M,M,,M,M,M,M
KECG,2/3/2020,ELIZABETH_CITY(CGS)_(ASOS),NC,AKQ,73,1989,52,251 PM,49,11,1980,33,508 AM,0,0.12,0.49,4.12,3.61,M,6.2,6.17,1.68,1970,0.51,0,0,M,0,M,T,M,6.1,1951,M,M,M,M
KFSM,2/3/2020,FORT SMITH ARKANSAS,AR,TSA,72,1962,52,150 PM,48,2,1985,30,1259 AM,0.14,0.09,0.14,6.01,3.09,M,6.88,6.38,2.04,1997,2.92,M,M,M,0,M,0.5,0.5,M,,M,M,M,M
KTUL,2/3/2020,TULSA OKLAHOMA,OK,TSA,70,1934,50,301 PM,42,-6,2011,29,1159 PM,0,0.05,0,4.9,1.82,M,5.86,4.31,0.84,2012,3.08,0,M,M,0,M,0.7,0.6,M,,M,M,M,M
KFYV,2/3/2020,FAYETTEVILLE ARKANSAS,AR,TSA,69,1962,48,212 PM,56,-6,1985,26,730 AM,0.03,0.08,0.03,5.53,3.1,M,6.86,6.34,M,,2.43,0,M,M,0,M,0.5,0.3,M,,M,M,M,M
KTOP,2/3/2020,TOPEKA (TOP),KS,TOP,45,1934,42,324 AM,33,-9,1996,21,1159 PM,0,0.04,0,1.64,0.98,M,3.87,2.33,1.21,2012,0.66,0,0,M,0,M,9,M,8,1901,12,M,0.6,-3
KLWC,2/3/2020,LAWRENCE,KS,TOP,57,,42,None,34,M,,20,None,0,0.04,0,1.98,1.14,M,3.43,2.61,M,,0.84,M,M,M,M,M,M,M,M,,M,M,M,M
KSNS,2/3/2020,SALINAS MUNICIPAL,CA,MTR,57,1954,62,338 PM,35,29,1957,42,708 AM,0,0.1,0,0.93,2.88,M,M,M,1.52,1998,-1.95,M,M,M,M,M,M,M,M,,M,M,M,M
KMRY,2/3/2020,MONTEREY PENINSULA,CA,MTR,56,2018,60,209 PM,36,36,2002,44,618 AM,0,M,0,1.18,M,M,M,M,M,,M,M,M,M,M,M,M,M,M,,M,M,M,M
KSDM,2/3/2020,SAN DIEGO/BROWN,CA,SGX,61,2009,65,1237 PM,50,32,1955,45,221 AM,T,0.05,T,0.31,2.63,M,M,M,0.75,1958,-2.32,M,M,M,M,M,M,M,M,,M,M,M,M
KSNA,2/3/2020,SANTA ANA/JON-WAYNE,CA,SGX,67,2009 2001,66,329 PM,51,38,2002,48,704 AM,0.02,0.05,0.02,0.17,3.07,M,M,M,0.43,2008,-2.9,M,M,M,M,M,M,M,M,,M,M,M,M
KSDB,2/3/2020,SANDBURG (AUT),CA,LOX,35,2018,49,316 PM,26,21,1979,37,915 AM,T,0.07,T,0.1,2.61,M,M,M,2.7,1998,-2.51,M,M,M,M,M,M,M,M,,M,M,M,M
KCOS,2/3/2020,COLORADO SPRINGS,CO,PUB,51,1925,43,1223 AM,14,-18,1996,18,1159 PM,0.12,0.01,0.12,0.21,0.35,M,M,M,0.21,1955,-0.14,2.2,0,M,2.2,M,28.5,M,4.7,1955,19.6,M,0.5,8.9
KFUL,2/3/2020,FULLERTON MUNICIPAL,CA,SGX,65,2001,68,254 PM,49,35,2011,46,546 AM,T,0.08,T,0.2,3.26,M,M,M,0.47,2008,-3.06,M,M,M,M,M,M,M,M,,M,M,M,M
KAPN,2/3/2020,ALPENA,MI,APX,40,1991,27,233 PM,28,-22,1996 1970,10,833 AM,0,0.04,0.29,2.19,1.79,M,5.36,3.54,0.58,1938,0.4,0,7,M,3.4,M,45.1,M,4.9,1938,50.6,M,2,-5.5
KTOI,2/3/2020,TROY MUNICIPAL,AL,BMX,75,,60,235 PM,37,M,,36,656 AM,0,0.15,T,7.83,5.03,M,12.55,9.87,M,,2.8,0,0,M,0,M,0,0,M,,M,M,M,M
KOTH,2/3/2020,NORTH BEND (AWOS),OR,MFR,47,1992,52,MM,33,21,1989,40,MM,0.15,0.28,0.48,8.21,11.02,M,M,M,5.16,1937,-2.81,M,M,M,M,M,M,M,M,,M,M,M,M
KBOS,2/3/2020,BOSTON/LOGAN INTL,MA,BOX,50,1991,37,1218 PM,35,-5,1881,23,439 AM,0,0.11,0.02,1.41,3.68,M,7.48,7.46,1.42,1874,-2.27,0,M,M,T,M,14.6,14.6,6.6,1916,24.4,23.1,1.2,-9.8
KAHN,2/3/2020,ATHENS MUNICIPAL,GA,FFC,79,1932,56,352 PM,39,3,1917,34,722 AM,0,0.16,0,7.49,4.52,M,13.23,8.25,2.36,1998,2.97,0,0,M,0,M,0,0,0,2002,1.6,1.6,0.1,-1.6
KANB,2/3/2020,ANNISTON/CALHOUN CO,AL,BMX,76,1990,56,322 PM,35,7,1951,34,613 AM,0,0.17,T,9.04,5.05,M,13.87,9.17,2.63,1998,3.99,0,M,M,0,M,T,T,M,,0.8,0.8,0.1,-0.8
KDHN,2/3/2020,DOTHAN MUNICIPAL,AL,TAE,88,,62,1206 PM,42,M,,39,725 AM,0,0.14,0,2.6,5.05,M,11.21,9.44,M,,-2.45,0,M,M,M,M,M,M,M,,M,M,M,M
KBHM,2/3/2020,BIRMINGHAM MUNI,AL,BMX,73,1990,56,307 PM,45,7,1951 1917,35,528 AM,0,0.16,0.01,7.83,5.33,M,12.92,9.78,3.84,1936,2.5,0,0,M,0,M,0,0,M,,0.7,0.7,0,-0.7
KDEQ,2/3/2020,J LYNN HELMS/DE QUEEN,AR,SHV,70,1995 1962,55,145 PM,36,2,1951,30,642 AM,T,0.16,T,5.34,3.8,M,6.12,8.16,1.77,1989,1.54,M,0,M,0,M,0.3,0.3,M,,M,M,M,M
KELD,2/3/2020,EL DORADO/GOODWIN,AR,SHV,68,1927,57,317 PM,50,1,1951,34,707 AM,T,0.17,T,6.58,4.8,M,8.34,9.98,3.95,1990,1.78,0,0,M,0,M,T,T,M,,M,M,M,M
KHRO,2/3/2020,HARRISON/BOONE CO.,AR,LZK,69,1962,48,320 PM,57,-3,1996,28,429 AM,T,0.08,T,4.4,2.82,M,5.78,6.02,1.24,2012,1.58,0,0,M,0,M,0.5,T,7,1905,6.6,6.1,0.6,-6.1
KPBF,2/3/2020,PINE BLUFF/GRIDER,AR,LZK,68,1927,53,238 PM,52,10,1951 1905,34,743 AM,T,0.13,T,6.19,4.14,M,8.48,9.58,2.53,1990,2.05,0,0,M,0,M,T,T,T,1989,2.7,2.7,0.2,-2.7
KPRC,2/3/2020,PRESCOTT/LOVE FLD,AZ,FGZ,48,1963,53,1228 AM,18,3,2011,27,1154 PM,0,0.04,0,0.18,1.24,M,M,M,0.7,2008,-1.06,M,M,M,M,M,M,M,M,,M,M,M,M
KINW,2/3/2020,WINSLOW (AUT),AZ,FGZ,54,1998 1934,53,128 PM,28,-7,1939,23,1159 PM,0,0.02,0,0.45,0.57,M,M,M,0.25,1988,-0.12,M,M,M,M,M,M,M,M,,M,M,M,M
KFLG,2/3/2020,FLAGSTAFF (AMOS),AZ,FGZ,38,1953,43,144 AM,12,-22,1922,18,1159 PM,0,0.07,0,0.55,2.26,M,M,M,1.35,1901,-1.71,0,0,M,0,M,50.5,M,13.5,1901,54.7,M,2.4,-4.2
KAMG,2/3/2020,ALMA/BACON CO.,GA,JAX,73,1989,63,422 PM,36,22,1980,41,731 AM,0,0.14,0,2.27,4.67,M,6.02,7.96,2.17,1998,-2.4,0,M,M,M,M,M,M,T,1958,M,M,M,M
KJXN,2/3/2020,JACKSON/REYNOLDS,MI,GRR,52,,32,330 PM,26,M,,17,757 AM,0,0.04,0.03,3.15,1.61,M,6.15,3.48,M,,1.54,M,M,M,M,M,M,M,M,,M,M,M,M
KSTS,2/3/2020,SANTA ROSA (AWOS),CA,MTR,59,2018,59,141 PM,36,29,2007,38,718 AM,0,0.21,0,2.38,7.66,M,M,M,0.84,2017,-5.28,M,M,M,M,M,M,M,M,,M,M,M,M
KGRR,2/3/2020,GRAND RAPIDS,MI,GRR,51,1991,31,421 PM,28,-17,1996,18,826 AM,0,0.06,0.08,3.73,2.26,M,7.77,4.76,0.61,2007,1.47,0,T,M,0.3,M,32.9,26.1,11.3,2007,51.8,44.5,1.8,-18.9
KDSM,2/3/2020,DES MOINES,IA,DMX,36,1928,33,225 PM,29,-26,1996,15,1159 PM,0,0.04,0,1.61,1.12,M,2.7,2.54,0.55,1919,0.49,0,3,M,0,M,25.1,19.6,5.2,1997,21.4,18.5,1,3.7
KIOW,2/3/2020,IOWA CITY,IA,DVN,43,,31,301 PM,29,M,,16,105 AM,0,0.04,0,1.73,1.03,M,3.04,2.55,M,,0.7,M,M,M,M,M,M,M,M,,M,M,M,M
KMCW,2/3/2020,MASON CITY,IA,DMX,32,1934,26,110 PM,23,-28,1996,8,1159 PM,0,0.04,0,1.33,0.92,M,2.5,2.16,0.4,1919,0.41,0,M,M,0,M,26.9,19.5,7,1936,25.8,21.1,1,1.1
KFNT,2/3/2020,FLINT,MI,DTX,50,2016,30,418 PM,28,-11,1996,15,659 AM,0,0.05,0.08,3.44,1.77,M,5.74,3.69,0.41,2003,1.67,0,T,M,0.9,M,31.8,22,3.8,1949,29,26.1,1.2,2.8
KSMX,2/3/2020,SANTA MARIA PUBLIC,CA,LOX,58,1963,64,205 PM,34,29,1972,41,1149 PM,0,0.11,0,0.63,3.06,M,M,M,1.92,1998,-2.43,0,M,M,0,M,0,0,M,,M,M,M,M
KSBA,2/3/2020,SANTA BARBARA MUNI,CA,LOX,62,1963,64,134 PM,41,30,1972,42,513 AM,0,0.14,0,0.55,3.91,M,M,M,2.06,1998,-3.36,M,M,M,0,M,0,0,M,,M,M,M,M
KSAN,2/3/2020,SAN DIEGO/LINDBERG,CA,SGX,65,1963 1954,65,1129 AM,57,37,1932 1903 1880,50,1159 PM,T,0.07,T,0.48,2.19,M,M,M,1.52,1998 1884,-1.71,M,M,M,M,M,M,M,M,,M,M,M,M
KLGB,2/3/2020,LONG BEACH AIRPORT,CA,LOX,63,1995 1963,67,158 PM,47,37,1972,47,1021 PM,0,0.09,T,0.31,2.88,M,M,M,2.44,1975,-2.57,0,M,M,0,M,0,0,M,,M,M,M,M
KCQT,2/3/2020,LOS ANGELES DOWNTOWN/USC,CA,LOX,63,1995,68,346 PM,48,30,1883,49,1159 PM,0,0.12,0,0.32,3.47,M,M,M,1.84,1905,-3.15,M,M,M,0,M,0,0,M,,M,M,M,M
KSAC,2/3/2020,SACRAMENTO/EXECUTIV,CA,STO,55,2018,58,215 PM,36,27,1971,40,651 AM,0,0.13,0,1.14,4.02,M,M,M,2.16,1998,-2.88,0,M,M,0,M,0,0,0,2002,0,0,0,0
KSFO,2/3/2020,SAN FRANCISCO INTL,CA,MTR,56,2018,58,443 PM,38,32,1979,45,359 AM,0,0.15,0,1.18,4.63,M,M,M,1.02,1998,-3.45,0,M,M,0,M,0,0,0,,M,M,M,M
KLVK,2/3/2020,LIVERMORE MUNICIPAL,CA,MTR,53,2018,58,404 PM,29,26,1957,39,503 AM,0,0.09,0,0.96,3.28,M,M,M,1.67,1998,-2.32,M,M,M,M,M,M,M,M,,M,M,M,M
KBUR,2/3/2020,BURBANK/GLENDALE,CA,LOX,58,1995,68,137 PM,44,29,1948,43,728 AM,0,0.14,0,0.14,3.94,M,M,M,1.76,1975,-3.8,0,M,M,0,M,0,0,M,,M,M,M,M
KSIY,2/3/2020,MONTAGUE/SISKIYOU,CA,MFR,41,2009,47,354 PM,22,-4,1950,26,621 AM,0,0.07,0.02,1.75,2.37,M,M,M,0.79,1960,-0.62,M,M,M,M,M,M,M,M,,M,M,M,M
KSCK,2/3/2020,STOCKTON METRO,CA,STO,55,2018,58,246 PM,37,27,1971,39,650 AM,0,0.1,0,0.95,3.03,M,M,M,1.46,1998,-2.08,0,0,M,0,M,0,0,0,2002,M,M,M,M
KUIN,2/3/2020,QUINCY,IL,LSX,63,1992,36,310 PM,34,-18,1996,20,239 AM,0,0.05,0,2,1.67,M,3.15,3.92,0.79,1903,0.33,M,M,M,M,M,M,M,M,,M,M,M,M
KLHX,2/3/2020,LA JUNTA MUNICIPAL,CO,PUB,61,,46,1225 AM,23,M,,18,1159 PM,T,0.01,T,0.05,0.32,M,M,M,M,,-0.32,M,M,M,M,M,M,M,M,,M,M,M,M
KRIL,2/3/2020,RIFLE/GARFIELD RGNL,CO,GJT,49,,39,436 AM,19,M,,16,1159 PM,T,0.02,T,0.26,0.87,M,0.46,1.71,M,,-0.61,M,M,M,M,M,M,M,M,,M,M,M,M
KAKO,2/3/2020,AKRON/WASHINGTON CO,CO,BOU,30,2019 1962,41,1203 AM,16,-18,1989,18,1159 PM,T,0.02,T,0.13,0.35,M,0.15,0.75,0.96,1986,-0.22,M,0,M,M,M,M,M,M,,M,M,M,M
KDEN,2/3/2020,DENVER INTNL ARPT,CO,BOU,30,1954 1890,45,1255 AM,12,-18,1883,17,1123 PM,0.07,0.02,0.07,0.21,0.45,M,0.51,0.8,0.57,2012,-0.24,2.5,0,M,2.5,M,32.4,6.2,M,,M,M,M,M
KTAD,2/3/2020,TRINIDAD/ANIMAS CO.,CO,PUB,53,,48,1201 AM,18,M,,18,1159 PM,0.05,0.01,0.05,0.17,0.44,M,M,M,M,,-0.27,M,M,M,M,M,M,M,M,,M,M,M,M
KCAG,2/3/2020,CRAIG-MOFFAT(AMOS),CO,GJT,42,,31,411 AM,10,M,,5,1159 PM,0.03,0.03,0.03,1.3,0.96,M,3.05,1.96,M,,0.34,M,M,M,M,M,M,M,M,,M,M,M,M
KLIC,2/3/2020,LIMON MUNICIPAL,CO,BOU,31,,M,None,13,M,,M,None,0.02,M,0.02,0.1,M,M,0.2,M,M,,M,M,0,M,M,M,M,M,M,,M,M,M,M
KMTJ,2/3/2020,MONTROSE CO. ARPT,CO,GJT,50,,41,1216 AM,21,M,,18,1159 PM,0.03,0.02,0.03,0.55,0.69,M,0.98,1.36,M,,-0.14,M,M,M,M,M,M,M,M,,M,M,M,M
KJER,2/3/2020,JEROME COUNTY AIRPORT,ID,BOI,32,1953,35,546 PM,15,-12,1996,20,1122 PM,T,0.03,T,0.8,1.14,M,M,M,0.42,1975,-0.34,M,M,M,M,M,M,M,M,,M,M,M,M
KLXV,2/3/2020,LEADVILLE/LAKE CO.,CO,PUB,31,,30,118 AM,7,M,,4,1159 PM,0.07,0.03,0.07,0.86,0.69,M,M,M,M,,0.17,M,M,M,M,M,M,M,M,,M,M,M,M
KGJT,2/3/2020,GRAND JUNCTION,CO,GJT,52,1934,41,146 AM,22,-13,1933,20,813 PM,T,0.02,T,0.51,0.63,M,1.06,1.22,0.4,1989,-0.12,T,0,M,T,M,10.9,7.9,3.6,2004,12.7,10.2,0.4,-1.8
KBDR,2/3/2020,Bridgeport/Sikorsky,CT,OKX,53,2016,38,132 PM,35,0,1955,24,634 AM,0,0.09,0.02,1.91,3.37,M,9.26,6.7,2.3,1972,-1.46,0,0,M,0,M,10.1,M,6.7,2014,14.3,M,0.8,-4.2
KBDL,2/3/2020,HARTFORD/BRADLEY,CT,BOX,51,1991,36,412 PM,26,-9,1961,19,220 AM,T,0.1,T,1.79,3.54,M,9.72,6.98,1.86,1970,-1.75,0,0,M,T,M,25.3,25.3,7.2,1996,23.1,21.1,1.4,2.2
KILG,2/3/2020,WILMINGTON AIRPORT,DE,PHI,64,1991,41,228 PM,32,0,1934,25,708 AM,0,0.1,0.1,4,3.31,M,8.68,6.79,1.4,1939,0.69,0,0,M,0,M,0.9,0.9,6.7,1961,10.7,10.3,1,-9.8
KSRQ,2/3/2020,SARASOTA-BRADENTON,FL,TBW,69,2016 1990 1989,72,341 PM,46,27,1917,53,343 AM,0,0.04,0.53,1.5,2.62,M,4.3,5.15,1.45,1972,-1.12,M,M,M,M,M,M,M,M,,M,M,M,M
KPNS,2/3/2020,PENSACOLA REGIONAL,FL,MOB,72,1989 1974,62,122 PM,48,13,1951,43,628 AM,0,0.18,T,7.36,5.16,M,M,M,1.94,1882,2.2,0,0,M,0,M,0,M,M,,0,M,0,0
KJAX,2/3/2020,JACKSONVILLE INTL,FL,JAX,78,1990,66,317 PM,39,16,1917,43,641 AM,0,0.11,0,0.18,3.63,M,5.04,6.43,4.93,1970,-3.45,0,M,M,M,M,M,M,0,2002,M,M,M,M
KAPF,2/3/2020,NAPLES MUNICIPAL,FL,MFL,75,1982 1975,76,319 PM,49,37,1976,55,553 AM,0,0.08,0.08,2.04,2.08,M,M,M,2.32,2006,-0.04,0,0,M,0,M,0,0,M,,M,M,M,M
KFLL,2/3/2020,FT LAUDERDALE/HOLLY,FL,MFL,73,1985,77,218 PM,50,30,1917,63,549 AM,0,0.11,1.58,3.4,3.96,M,M,M,3,1998,-0.56,0,0,M,0,M,0,0,M,,M,M,M,M
KMAI,2/3/2020,MARIANA,FL,TAE,76,,64,338 PM,38,M,,41,619 AM,0,0.16,T,3.5,5.55,M,10.35,9.46,M,,-2.05,0,M,M,M,M,M,M,M,,M,M,M,M
KFMY,2/3/2020,FORT MYERS/PAGE FLD,FL,TBW,76,1982,76,311 PM,47,33,1917,55,731 AM,0,0.07,0.33,1.4,2.16,M,7.11,3.87,2.08,1970,-0.76,M,M,M,M,M,M,M,M,,M,M,M,M
KPBI,2/3/2020,WEST PALM BEACH,FL,MFL,72,1985 1972,76,335 PM,47,28,1917,58,621 AM,0,0.1,0.25,2,3.43,M,M,M,2.15,1919,-1.43,0,0,M,0,M,0,0,M,,M,M,M,M
KMIA,2/3/2020,MIAMI INTL AIRPORT,FL,MFL,75,1985,77,319 PM,49,27,1917,61,638 AM,0,0.07,1.23,3.26,1.84,M,M,M,1.25,1991,1.42,0,0,M,0,M,0,0,M,,M,M,M,M
KDAB,2/3/2020,DAYTONA BEACH RGNL,FL,MLB,73,1939 1990,70,230 PM,41,29,1935,49,723 AM,0,0.1,0.25,0.69,3.03,M,4.02,5.66,1.83,1970,-2.34,0,M,M,0,M,0,M,M,,M,M,M,M
KCTY,2/3/2020,CROSS CITY (AMOS),FL,TAE,74,,68,235 PM,36,M,,42,515 AM,0,0.11,0,1.13,4.38,M,5.58,6.9,M,,-3.25,0,M,M,M,M,M,M,M,,M,M,M,M
KTPA,2/3/2020,TAMPA INTL AIRPORT,FL,TBW,71,2016 1990 1950,71,411 PM,48,26,1917,53,602 AM,0,0.1,0.42,1.5,2.54,M,5.99,5.01,8.29,2006,-1.04,M,M,M,M,M,M,M,M,,M,M,M,M
KSSI,2/3/2020,BRUNSWICK/MALCOLM,GA,JAX,71,1989,62,129 PM,46,27,1994,44,729 AM,0,0.12,0,1.53,3.57,M,9.91,6.21,1.29,1963,-2.04,0,M,M,M,M,M,M,0,,M,M,M,M
KFFC,2/3/2020,PEACHTREE CITY,GA,FFC,78,,56,348 PM,35,M,,33,615 AM,0,0.14,0,8.03,4.65,M,15.24,8.79,M,,3.38,0,0,M,0,M,0,0,M,,M,M,M,M
KGVL,2/3/2020,GAINSVILLE,GA,FFC,73,,52,442 PM,45,M,,34,234 AM,0,0.14,0,7.52,5.52,M,12.15,10.02,M,,2,0,0,M,0,M,0,0,M,,M,M,M,M
KATL,2/3/2020,ATLANTA INTL ARPT,GA,FFC,76,1995,54,404 PM,42,2,1917,36,619 AM,0,0.17,0,8.01,4.71,M,13.15,8.61,3.1,1920,3.3,0,0,M,0,M,0,0,T,2011,1.8,1.8,0.1,-1.8
KCSG,2/3/2020,COLUMBUS METRO ARPT,GA,FFC,75,1989 1957 1923,60,434 PM,37,10,1917,38,550 AM,0,0.15,T,7.53,4.3,M,15.58,8.57,2.41,1920,3.23,0,0,M,0,M,0,0,0,2002,0.3,0.3,0,-0.3
KAGS,2/3/2020,AUGUSTA/BUSH FIELD,GA,CAE,78,1989,60,415 PM,34,9,1917,34,736 AM,0,0.13,0,4.56,4.31,M,12.68,7.7,2.34,1982,0.25,0,M,M,0,M,0,0,M,,0.5,0.5,0,-0.5
KDNL,2/3/2020,AUGUSTA,GA,CAE,77,,58,353 PM,47,M,,39,736 AM,0,0.11,0,4.19,4.56,M,15.53,8.18,M,,-0.37,M,M,M,M,M,M,M,M,,M,M,M,M
KSAV,2/3/2020,SAVANNAH MUNICIPAL,GA,CHS,77,1990 1989,62,331 PM,41,13,1917,40,644 AM,0,0.11,0,1.65,4.01,M,8.47,6.96,1.8,1875,-2.36,0,M,M,M,M,0,0,M,,0.2,0.2,M,-0.2
KFTY,2/3/2020,ATLANTA/FULTON CO.,GA,FFC,76,,55,423 PM,34,M,,34,728 AM,0,0.15,T,7.82,4.72,M,12.66,8.71,M,,3.1,0,0,M,0,M,0,0,M,,M,M,M,M
KMCN,2/3/2020,MACON/LEWIS WILSON,GA,FFC,77,1989,60,402 PM,32,8,1917,36,638 AM,0,0.15,T,4.13,4.69,M,12.8,8.73,2.95,1982,-0.56,0,0,M,0,M,0,0,0,2002,0.5,0.5,0,-0.5
KAMW,2/3/2020,Ames,IA,DMX,35,,31,248 PM,26,M,,12,1209 AM,0,0.03,0,M,M,M,M,M,M,,M,M,M,M,M,M,M,M,M,,M,M,M,M
KALO,2/3/2020,Waterloo,IA,DMX,37,1934 1928,29,119 PM,19,-31,1996,11,404 AM,0,0.03,0,1.38,0.92,M,2.3,2.12,0.48,1943,0.46,0,6,M,0,M,26.5,18.5,3.7,2016,22.4,19,0.9,4.1
KOTM,2/3/2020,OTTUMWA,IA,DMX,39,1992,33,308 PM,30,-27,1996,15,759 AM,0,0.03,0,2.39,0.99,M,3.42,2.36,0.88,1943,1.4,M,M,M,M,M,M,M,M,,M,M,M,M
KCID,2/3/2020,CEDAR RAPIDS,IA,DVN,39,1992,30,217 PM,24,-26,1996,12,154 AM,0,0.04,0,1.7,1.03,M,2.92,2.45,0.9,1901,0.67,M,M,M,M,M,M,M,M,,M,M,M,M
KBRL,2/3/2020,BURLINGTON,IA,DVN,47,1992,36,146 PM,34,-26,1996,18,654 AM,0,0.05,0,2.1,1.38,M,3.22,3.47,M,,0.72,M,M,M,M,M,M,M,M,,M,M,M,M
KDVN,2/3/2020,QUAD CITIES,IA,DVN,42,,31,122 PM,27,M,,15,131 AM,0,0.04,T,1.93,1.31,M,3.21,3.04,M,,0.62,0,1,M,T,M,25.2,15.8,M,,M,M,M,M
KSUX,2/3/2020,SIOUX CITY,IA,FSD,33,1934,32,1232 PM,22,-20,1905,12,1146 PM,0,0.02,0,0.91,0.68,M,2.87,1.48,0.65,1997,0.23,0,1,M,0,M,19.5,11.5,7,1997,20.6,15.2,0.7,-1.1
KMIW,2/3/2020,MARSHALLTOWN,IA,DMX,35,,29,135 PM,24,M,,11,144 AM,0,0.02,0,M,M,M,M,M,M,,M,M,M,M,M,M,M,M,M,,M,M,M,M
KBOI,2/3/2020,BOISE MUNICIPAL,ID,BOI,38,2018,41,402 PM,25,-11,1883,27,1159 PM,0,0.03,0.02,2.31,1.34,M,M,M,0.87,1881,0.97,0,0,M,T,M,12.7,M,3.2,2008,15.2,M,0.4,-2.5
KLWS,2/3/2020,LEWISTON (AMOS),ID,OTX,40,2018,44,242 PM,21,-12,1883,31,641 AM,0,0.02,T,1.61,1.16,M,M,M,0.94,2019,0.45,0,0,M,0,M,11,10.2,7,1913,7.9,6.1,0.2,3.1
KPIH,2/3/2020,POCATELLO MUNICIPAL,ID,PIH,26,1953,34,428 PM,6,-23,1979,17,1159 PM,0.15,0.03,0.38,1.5,1.08,M,M,M,0.3,1978,0.42,3.7,5,M,7.1,M,29.2,24,M,,M,M,M,M
KBYI,2/3/2020,BURLEY MUNICIPAL,ID,PIH,30,1953,37,409 PM,14,-15,1979,20,1140 PM,T,0.02,T,1.14,0.98,M,M,M,0.4,1945,0.16,M,M,M,M,M,M,M,M,,M,M,M,M
KMYL,2/3/2020,MC CALL,ID,BOI,25,1995 2018,31,342 PM,5,-28,1950,11,930 PM,0,0.07,0.21,4.94,1.95,M,M,M,0.8,1925,2.99,M,M,M,M,M,M,M,M,,M,M,M,M
KSNT,2/3/2020,STANLEY RANGER STATION,ID,PIH,21,1978,30,232 PM,-14,-39,1996,2,1124 PM,0,0.08,0.19,2.02,1.74,M,M,M,0.4,1968,0.28,M,M,M,M,M,M,M,M,,M,M,M,M
KRXE,2/3/2020,REXBURG-MADISON COUNTY AIRPORT,ID,PIH,27,2018,29,258 PM,2,-8,2011,10,1159 PM,T,0.03,0.08,2.24,0.82,M,M,M,M,,1.42,M,M,M,M,M,M,M,M,,M,M,M,M
KIDA,2/3/2020,IDAHO FALLS/FANNING,ID,PIH,24,1953,30,423 PM,2,-16,1985,12,1045 PM,M,0.02,T,0.41,0.75,M,M,M,0.31,2019,-0.34,M,M,M,M,M,M,M,M,,M,M,M,M
KMLI,2/3/2020,Moline,IL,DVN,44,1992,32,243 PM,26,-28,1996,15,352 AM,0,0.04,T,2.58,1.62,M,4.18,3.8,0.93,1901,0.96,0,T,M,0,M,25.7,16.4,M,,20.8,19.6,0.9,4.9
KDEC,2/3/2020,DECATUR,IL,ILX,67,,36,109 PM,31,M,,20,621 AM,T,0.05,0.01,3.78,1.9,M,5.06,4.44,M,,1.88,M,M,M,M,M,M,M,M,,M,M,M,M
KMDW,2/3/2020,CHICAGO,IL,LOT,47,1992,33,1221 PM,30,-17,1996,19,552 AM,0,0.06,0.04,2.52,2.23,M,3.68,4.8,0.43,1961,0.29,M,M,M,M,M,M,M,M,,M,M,M,M
KPWK,2/3/2020,PALWAUKEE,IL,LOT,45,2019 1999,32,1236 PM,28,-6,2007,18,656 AM,0,0.03,0.02,2.2,1.72,M,3.52,3.55,0.21,2006,0.48,M,M,M,M,M,M,M,M,,M,M,M,M
KDPA,2/3/2020,CHICAGO/DUPAGE,IL,LOT,48,2006 2003,33,115 PM,24,-12,2011,17,653 AM,0,0.04,0.01,2.29,1.42,M,3.67,3.14,0.37,,0.87,M,M,M,M,M,M,M,M,,M,M,M,M
KCMI,2/3/2020,CHAMPAIGN/URBANA,IL,ILX,65,,35,200 PM,32,M,,18,1207 AM,0,0.06,T,3.24,2.24,M,3.99,4.76,M,,1,M,M,M,M,M,M,M,M,,M,M,M,M
KGEZ,2/3/2020,SHELBYVILLE,IN,IND,69,,37,354 PM,34,M,,22,440 AM,0,0.08,0,5.63,2.63,M,9.16,5.9,M,,3,M,M,M,M,M,M,M,M,,M,M,M,M
KBMG,2/3/2020,Bloomington,IN,IND,71,,40,334 PM,34,M,,21,659 AM,T,0.1,T,6.5,3.61,M,9.72,7.15,M,,2.89,M,M,M,M,M,M,M,M,,M,M,M,M
KEYE,2/3/2020,INDIANAPOLIS,IN,IND,66,,37,539 PM,34,M,,22,643 AM,0,0.06,T,3.24,2.39,M,5.47,5.47,M,,0.85,M,M,M,M,M,M,M,M,,M,M,M,M
KSBN,2/3/2020,SOUTH BEND,IN,IWX,55,1991 1931,32,324 PM,26,-13,1996,18,530 AM,0,0.07,0.01,4.83,2.48,M,7.01,5.09,0.5,1901,2.35,0,0,M,T,M,20.5,13.5,5.1,1949,45.1,39.9,2,-24.6
KEVV,2/3/2020,EVANSVILLE,IN,PAH,70,1924,43,1255 PM,39,-8,1965 1985,25,147 AM,T,0.12,T,5.58,3.46,M,8.51,7.22,1.35,1939,2.12,0,0,M,0,M,1.1,T,3.4,1982,7.3,7,0.4,-6.2
KVPZ,2/3/2020,VALPARAISO,IN,LOT,54,2019,32,319 PM,27,-5,2011 2007,17,537 AM,0,0.05,0.02,3.88,1.88,M,5.81,4.06,0.22,2003,2,M,M,M,M,M,M,M,M,,M,M,M,M
KFWA,2/3/2020,FORT WAYNE,IN,IWX,57,2016,33,241 PM,29,-12,1985 1902,18,627 AM,0,0.07,0.01,4.08,2.47,M,6.91,5.24,0.78,1952,1.61,0,0,M,T,M,13.5,6.6,6.7,1982,21.7,19.6,1,-8.2
KLAF,2/3/2020,LAFAYETTE,IN,IND,62,,36,648 PM,29,M,,20,454 AM,0,0.06,0.02,3.87,2.03,M,6.24,4.54,M,,1.84,M,M,M,M,M,M,M,M,,M,M,M,M
KFFT,2/3/2020,CAPITAL CITY AIRPORT/FRANKFORT,KY,LMK,69,2020 2019,44,343 PM,41,-11,1951,25,314 AM,T,0.11,0.01,3.91,3.59,M,8.23,7.6,1.6,1989,0.32,M,M,M,M,M,M,M,M,,M,M,M,M
KBWG,2/3/2020,BOWLING GREEN,KY,LMK,73,2020,47,316 PM,46,-18,1951,27,154 AM,T,0.15,T,4.76,4.05,M,10.22,8.85,2.5,1923,0.71,0,0,M,0,M,1.3,T,3,1979,5,5,0.5,-3.7
KPAH,2/3/2020,PADUCAH/BARKLEY,KY,PAH,71,1992 2019,46,1248 PM,52,-8,1985,27,704 AM,0.11,0.15,0.11,5.76,4.12,M,7.87,8.71,1.68,1939,1.64,0,0,M,0,M,1.2,T,3,1982,5.7,5.6,0.4,-4.5
KLOU,2/3/2020,LOUISVILLE/BOWMAN,KY,LMK,72,,44,439 PM,44,M,,27,131 AM,T,0.11,0.01,3.86,3.73,M,7.45,7.74,M,,0.13,M,M,M,M,M,M,M,M,,M,M,M,M
KSDF,2/3/2020,LOUISVILLE/STANDIFO,KY,LMK,74,2020,45,429 PM,46,-9,1951,28,639 AM,T,0.12,T,4.05,3.6,M,7.68,7.43,1.29,1887,0.45,0,0,M,0,M,1.5,0.5,4.5,1939,7.1,6.9,0.6,-5.6
KLOZ,2/3/2020,LONDON-CORBIN ARPT,KY,JKL,70,1962,47,255 PM,38,-10,1965,27,452 AM,T,0.12,0.11,5.38,3.92,M,11.73,8.16,1.51,1990,1.46,M,M,M,M,M,M,M,M,,M,M,M,M
KLEX,2/3/2020,LEXINGTON/BLUEGRASS,KY,LMK,66,1890,43,434 PM,44,-8,1951,26,447 AM,T,0.12,0.13,3.74,3.55,M,9.71,7.48,0.95,2016,0.19,0,0,M,0,M,1.8,T,3.8,2014,7.3,7,0.6,-5.5
KNEW,2/3/2020,NEW ORLEANS/LAKEFRO,LA,LIX,72,1957,63,424 PM,51,19,1951,46,458 AM,0,0.19,0,4.41,5.73,M,7.24,10.97,2.25,1988,-1.32,0,0,M,0,M,0,0,M,,M,M,M,M
KMLU,2/3/2020,MONROE REGIONAL,LA,SHV,71,1927,59,356 PM,50,3,1951,37,719 AM,T,0.16,T,9.99,5.5,M,13.78,10.79,1.76,1956,4.49,0,0,M,0,M,0,0,M,,M,M,M,M
KLFT,2/3/2020,LAFAYETTE REGIONAL,LA,LCH,72,1927,63,158 PM,49,13,1951,44,705 AM,0,0.18,0,6.46,6.21,M,8.93,11.79,2.06,1956,0.25,0,0,M,0,M,0,0,0,,0,0,0,0
KLCH,2/3/2020,LAKE CHARLES MUNI,LA,LCH,73,1927 1914 1911,63,235 PM,50,16,1951,44,726 AM,0,0.12,0,6.28,5.63,M,7.26,10.31,1.53,1960,0.65,0,0,M,0,M,0,0,T,1996 1985,T,T,0,0
KBTR,2/3/2020,BATON ROUGE/RYAN,LA,LIX,72,1943 1990,64,324 PM,49,13,1951,42,226 AM,0,0.19,0,5.17,6.31,M,7.98,11.91,2.2,1977,-1.14,0,0,M,0,M,0,0,M,,M,M,M,M
KAEX,2/3/2020,ALEXANDRIA INTL/ENGLAND AFB,LA,LCH,73,1974,61,242 PM,48,6,1951,39,602 AM,T,0.15,T,8.97,5.69,M,12.6,11.81,3.21,2012,3.28,0,0,M,0,M,0,0,T,1937 1916,M,M,M,M
KARA,2/3/2020,NEW IBERIA/ACADIANA,LA,LCH,72,1957,64,215 PM,48,17,1951,44,422 AM,0,0.13,0,8.69,5.6,M,10.72,10.6,1.61,1959,3.09,0,M,M,0,M,0,0,0,,M,M,M,M
KSHV,2/3/2020,SHREVEPORT REGIONAL,LA,SHV,70,1911,59,439 PM,48,14,1951,37,626 AM,T,0.16,T,7.97,4.68,M,9.75,9.45,2.97,1882,3.29,M,0,M,0,M,T,T,M,,M,M,M,M
KORH,2/3/2020,WORCESTER (AMOS),MA,BOX,42,1991,32,354 PM,27,-7,1971 1955 1931,18,310 AM,0,0.11,0.01,2.11,3.83,M,9.16,7.65,2.16,1970,-1.72,0,M,M,0.3,M,32.8,32.8,5.2,1916,36.1,33.3,1.8,-3.3
KSBY,2/3/2020,SALISBURY REGIONAL,MD,AKQ,66,1939,45,228 PM,33,5,1978,27,722 AM,0,0.12,0.01,3.34,3.97,M,4.67,7.68,2.4,1996,-0.63,0,0,M,0,M,0.5,M,2.1,1996,5.5,M,0.5,-5
KBWI,2/3/2020,BALTIMORE/WASH INTL,MD,LWX,67,1932,43,321 PM,30,4,1961,25,552 AM,0,0.1,0.11,3.22,3.36,M,6.79,6.73,1.34,2014,-0.14,0,0,M,0,M,1.8,M,9.6,1961,11.2,M,1,-9.4
KCAR,2/3/2020,CARIBOU MUNICIPAL,ME,CAR,36,1970,21,150 PM,15,-24,1971,1,606 AM,T,0.08,T,3.18,2.95,M,6.09,6.22,1.11,1968,0.23,0.1,16,M,0.1,M,72.5,49.5,8.3,1969,62.8,50.6,2.5,9.7
KFVE,2/3/2020,FRENCHVILLE,ME,CAR,32,,18,226 PM,17,M,,1,710 AM,T,0.02,T,1.67,1.82,M,3.15,4.36,M,,-0.15,M,M,M,M,M,M,M,M,,M,M,M,M
KPWM,2/3/2020,PORTLAND INTL JET,ME,GYX,47,1991,32,337 PM,22,-25,1971,14,328 AM,0,0.1,T,3.53,3.7,M,12.01,7.72,1.62,1880,-0.17,0,2,M,T,M,41.1,40.8,9.3,1969,35.7,33.8,1.4,5.4
KAUG,2/3/2020,AUGUSTA STATE ARPT,ME,GYX,41,1991,29,144 PM,25,-13,1955,12,415 AM,0,0.08,0,1.92,2.86,M,5.7,6.1,1.85,1970,-0.94,M,M,M,M,M,M,M,M,,M,M,M,M
KHUL,2/3/2020,HOULTON INTL ARPT,ME,CAR,38,1970,23,420 PM,12,-30,1971,1,705 AM,T,0.08,T,1.95,3.09,M,4.78,6.38,1.64,1968 2002,-1.14,M,M,M,M,M,M,M,M,,49.8,41.7,2,M
KBGR,2/3/2020,BANGOR INTL ARPT,ME,CAR,43,1991,29,251 PM,19,-20,1948,7,1238 AM,0,0.09,T,2.42,3.16,M,5.63,6.64,1.61,1968,-0.74,0,T,M,T,M,30.5,25.8,9,1969,37.7,35.3,1.7,-7.2
KBTL,2/3/2020,BATTLE CREEK,MI,GRR,51,,33,441 PM,26,M,,16,743 AM,0,0.04,0.02,3.03,1.78,M,5.64,3.77,M,,1.25,M,M,M,M,M,M,M,M,,M,M,M,M
KMKG,2/3/2020,MUSKEGON,MI,GRR,48,2019 1992 1991,31,400 PM,27,-14,1996,20,819 AM,0,0.06,0.09,2.7,2.2,M,6.51,4.75,0.6,1904,0.5,0,T,M,T,M,35.7,24.8,7.1,2007,65.6,59.4,2.5,-29.9
KDTW,2/3/2020,DETROIT/WAYNE,MI,DTX,52,2016,33,239 PM,31,-15,1985,19,828 AM,0,0.06,0.05,4.17,2.15,M,6.46,4.61,1.12,1883,2.02,0,0,M,0.5,M,22.4,12.9,7.2,1901,24.8,23.2,1.1,-2.4
KAZO,2/3/2020,KALAMAZOO,MI,GRR,53,1991,32,415 PM,27,-19,1912,18,704 AM,0,0.04,0.02,3.41,1.91,M,6.1,3.89,1.2,1901,1.5,M,M,M,M,M,M,M,M,,M,M,M,M
KMBS,2/3/2020,SAGINAW,MI,DTX,41,,29,340 PM,28,M,,16,658 AM,0,0.04,0.02,2.45,1.84,M,5.41,3.7,M,,0.61,0,0,M,0.3,M,22.4,15.8,M,,25.8,21.9,1,-3.4
KTVC,2/3/2020,TRAVERSE CIT,MI,APX,40,1922,28,325 PM,26,-25,1996,14,751 AM,0,0.06,0.03,1.2,3,M,4.4,5.49,0.8,1938,-1.8,M,M,M,M,M,M,M,M,,M,M,M,M
KLAN,2/3/2020,LANSING,MI,GRR,49,1991,31,343 PM,27,-29,1868,17,554 AM,0,0.04,0.06,4.11,1.78,M,8.02,3.65,1,1883,2.33,0,0,M,0.2,M,24.4,17.6,9,1901,31.9,28.1,1.3,-7.5
KANJ,2/3/2020,SAULT STE MARIE,MI,APX,37,1991,24,150 PM,29,-27,1996,8,826 AM,T,0.06,0.22,2.45,2.35,M,5.67,5.14,0.32,1934 1893,0.1,T,15,M,2.2,M,82.4,M,3.4,2007,84.1,M,2.5,-1.7
KRST,2/3/2020,ROCHESTER,MN,ARX,33,1934,25,1205 PM,21,-32,1912,9,733 AM,0,0.03,0,1.01,0.94,M,2.2,2.17,0.3,1936,0.07,0,5,M,0,M,32.9,M,3.9,2015,32.5,M,1.1,0.4
KINL,2/3/2020,INTERNTNL FALLS,MN,DLH,26,1991,18,1232 AM,-8,-40,1982,-5,919 PM,0,0.02,0.07,1.28,0.67,M,2.72,1.48,0.4,1943,0.61,0,20,M,0.6,M,49.7,39.3,2.5,2019,47.1,31.1,1.1,2.6
KDLH,2/3/2020,DULUTH,MN,DLH,31,2005 1993,21,1215 AM,5,-33,1923,3,1159 PM,0,0.02,T,1.37,1.03,M,4.06,2.24,0.3,1943,0.34,0,24,M,T,M,74,45.4,3,1974,54.5,38.4,1.3,19.5
KSTC,2/3/2020,ST. CLOUD,MN,MPX,30,2005,23,410 AM,12,-33,1996,3,1159 PM,0,0.02,0,1.09,0.7,M,2.77,1.52,0.32,1943,0.39,0,8,M,0,M,37.5,25.2,7,2003,27.9,18.7,0.7,9.6
KMSP,2/3/2020,MINNEAPOLIS,MN,MPX,32,1934,26,258 PM,20,-27,1886,9,1159 PM,0,0.02,0,0.97,0.97,M,2.8,2.13,0.42,1943,0,0,5,M,0,M,35.4,21.1,3.4,1936,34.9,25,0.9,0.5
KIRK,2/3/2020,KIRKSVILLE,MO,EAX,50,,37,127 PM,32,M,,18,801 AM,0,0.06,0,2.43,1.43,M,4.11,3.18,M,,1,M,M,M,M,M,M,M,M,,M,M,M,M
KCGI,2/3/2020,CAPE GIRARDEAU,MO,PAH,64,1962,45,310 PM,45,-8,1985,25,501 AM,T,0.12,T,6.52,3.85,M,8.77,8.1,1.15,1997,2.67,M,M,M,M,M,M,M,M,,M,M,M,M
KVIH,2/3/2020,VICHY/ROLLA,MO,SGF,68,1962,43,150 PM,51,-12,1996,23,1159 PM,0,0.06,0,5.37,2.36,M,7.05,5,0.99,2012,3.01,M,M,M,M,M,M,M,M,,M,M,M,M
KSGF,2/3/2020,SPRINGFIELD,MO,SGF,69,1962,45,301 PM,47,-9,2011,23,1159 PM,T,0.08,T,5.9,2.7,M,7.21,5.74,0.95,2012,3.2,0,0,M,0,M,4,3.6,M,,M,M,M,M
KSTL,2/3/2020,ST. LOUIS,MO,LSX,74,1890,42,1129 AM,40,-12,1996,25,700 AM,0,0.08,T,6.49,2.63,M,8.35,5.47,1.57,1986,3.86,0,0,M,0,M,11.5,10,5.5,1912,11.2,10.5,0.5,0.3
KJAN,2/3/2020,JACKSON/THOMPSON,MS,JAN,74,1896,58,343 PM,47,4,1951,36,555 AM,T,0.18,T,13.82,5.51,M,19.63,10.66,2.88,1936,8.31,M,M,M,0,M,T,0,0.1,2011,0.6,0.6,0,-0.6
KGWO,2/3/2020,GREENWOOD/LEFLORE,MS,JAN,71,1990,55,351 PM,49,-4,1951,34,720 AM,0,0.16,0,7.67,5,M,13.67,10.65,3.27,1956,2.67,0,M,M,M,M,M,M,M,,M,M,M,M
KHBG,2/3/2020,HATTIESBURG MUNI,MS,JAN,75,1957 1927,61,229 PM,41,7,1951,38,713 AM,0,0.17,0,6.88,6.27,M,10.78,11.18,2.41,1982,0.61,0,M,M,M,M,M,M,M,,M,M,M,M
KTUP,2/3/2020,TUPELO/C.D. LEMONS,MS,MEG,76,1986,54,217 PM,42,0,1951,33,617 AM,0,0.16,T,8.45,4.96,M,14.46,11.24,2.49,1956,3.49,0,0,M,0,M,0.1,0.1,T,2014 2011 1970,1.3,1.3,0.1,-1.2
KGLH,2/3/2020,GREENVILLE MUNI,MS,JAN,67,1932 1914 1911,54,335 PM,45,3,1951,33,712 AM,T,0.22,T,7.45,5.62,M,12.58,11.24,2.44,1956,1.83,M,M,M,M,M,M,M,M,,M,M,M,M
KBTM,2/3/2020,BUTTE/BERT MOONEY,MT,MSO,24,2005,33,419 PM,5,-41,1989,8,1154 PM,0,0.01,0.02,0.11,0.51,M,M,M,0.5,1907,-0.4,M,M,M,M,M,M,M,M,,M,M,M,M
KHLN,2/3/2020,HELENA REGIONAL,MT,TFX,33,1889 1962,36,351 PM,16,-36,1996,15,902 AM,0,0.01,0,0.1,0.39,M,M,M,0.49,2019,-0.29,0,0,M,T,M,20.7,1.4,4.5,1915,22.9,14.1,0.6,-2.2
KBIL,2/3/2020,BILLINGS/LOGAN INTL,MT,BYZ,23,1962,38,223 PM,11,-26,1989,19,1159 PM,0.05,0.02,0.25,0.47,0.53,M,M,M,0.47,1986,-0.06,0.6,3,M,3.1,M,30,8.5,3.1,1955,29,17.3,0.7,1
KCTB,2/3/2020,CUT BANK (AWOS),MT,TFX,24,1962 2005,34,1059 AM,8,-38,1916,12,1128 PM,T,0.01,0.03,0.04,0.22,M,M,M,0.1,2018,-0.22,M,T,M,M,M,M,M,M,,M,M,M,M
KDLN,2/3/2020,DILLON AIRPORT,MT,TFX,23,1953,34,233 PM,4,-33,1989,14,803 PM,0,0.01,0.05,0.06,0.3,M,M,M,0.07,2019,-0.3,M,2,M,M,M,M,M,M,,M,M,M,M
KBZN,2/3/2020,BOZEMAN/GALLATIN,MT,TFX,24,1953,37,106 PM,-3,-36,1996,13,905 PM,0,0.01,0.15,0.34,0.52,M,M,M,0.35,1986,-0.18,0,3,M,4.4,M,25.8,8,3.5,1986,17.8,10.4,0.4,8
KEWN,2/3/2020,NEW_BERN/CRAVEN_CO_(ASOS),NC,MHX,78,1989,56,222 PM,47,19,1980,35,711 AM,0,0.13,0.42,2.48,4.4,M,5.67,7.8,1.42,1952,-1.92,0,0,M,0,M,0,M,M,,M,M,M,M
KAVL,2/3/2020,ASHEVILLE_MUNICIPAL_(ASOS),NC,GSP,71,1989,49,330 PM,33,-5,1917,28,748 AM,0,0.14,0.03,4.94,4.07,M,9.23,7.66,2.15,2016,0.87,0,0,M,0,M,0.6,0.6,3,1961,5.4,5.3,0.3,-4.8
KFAY,2/3/2020,FAYETTEVILLE_RGNL_(ASOS),NC,RAH,75,1989,57,357 PM,42,10,1917,34,750 AM,0,0.09,T,4.09,3.56,M,9.24,6.21,1.8,1916,0.53,M,M,M,M,M,M,M,M,,M,M,M,M
KGSO,2/3/2020,GREENSBORO/PIEDMONT_(ASOS),NC,RAH,73,1989,50,222 PM,42,7,1917,31,752 AM,0,0.1,0,4.98,3.36,M,9.05,6.34,1.52,1920,1.62,0,0,M,0,M,T,T,1,1936,4.6,4.5,0.3,-4.6
KLBT,2/3/2020,LUMBERTON_MUNI_AIRPORT_(ASOS),NC,ILM,76,1989,56,MM,42,13,1980 1917,34,MM,0,0.08,0,4.19,3.21,M,10.54,6.1,1.77,2016,0.98,M,M,M,M,M,M,M,T,1961,M,M,M,M
KCLT,2/3/2020,CHARLOTTE/DOUGLAS_(ASOS),NC,GSP,74,1989,53,357 PM,39,8,1917,31,638 AM,0,0.12,0.01,4.67,3.75,M,9.99,7,1.25,1952,0.92,0,0,M,0,M,T,T,1.5,1905,2.7,2.6,0.2,-2.7
KRDU,2/3/2020,RALEIGH-DURHAM_(ASOS),NC,RAH,74,1989,53,327 PM,42,7,1980,32,632 AM,0,0.11,0.04,4.95,3.84,M,8.27,6.91,3,1920,1.11,0,0,M,0,M,T,T,1.2,,3.9,3.8,0.3,-3.9
KILM,2/3/2020,WILMINGTON/NEW_HAN_(ASOS),NC,ILM,75,1990 1989,58,306 PM,48,13,1917,37,716 AM,0,0.13,0.68,3.04,4.14,M,6.9,7.76,3.37,1998,-1.1,0,0,M,0,M,0,0,3,1951,1.2,1.2,0,-1.2
KDIK,2/3/2020,DICKINSON,ND,BIS,28,1962,28,132 PM,15,-38,1899,8,1159 PM,0,0.01,0,0.14,0.32,M,0.14,0.56,0.2,1898,-0.18,M,M,M,M,M,M,M,M,,M,M,M,M
KMOT,2/3/2020,MINOT_INTL,ND,BIS,25,1906,23,226 PM,15,-40,1917,5,648 PM,0,0.01,T,0.03,0.55,M,0.03,0.93,0.21,1970,-0.55,M,M,M,M,M,M,M,M,,M,M,M,M
KCON,2/3/2020,CONCORD MUNICIPAL,NH,GYX,45,1877,32,235 PM,21,-32,1898,11,552 AM,0,0.09,T,1.95,2.97,M,7.65,6.17,1.7,1970,-1.02,0,4,M,T,M,27.4,27.1,9,1883,36.6,34,1.4,-9.2
KEWR,2/3/2020,NEWARK INTL AIRPORT,NJ,OKX,58,1991,40,420 PM,35,1,1955,25,551 AM,0,0.1,0.09,1.76,3.85,M,8.25,7.66,1.74,1939,-2.09,0,0,M,T,M,6.9,M,7.7,2014,14.7,M,1,-7.8
KACY,2/3/2020,ATLANTIC CITY INTL,NJ,PHI,64,2006,42,354 PM,32,3,1955,25,726 AM,0,0.09,0.13,2.23,3.51,M,8.54,7.2,1.08,1961,-1.28,0,0,M,0,M,0.5,0.5,7,1996,9.2,9,0.8,-8.7
KROW,2/3/2020,ROSWELL/INDUSTRIAL,NM,ABQ,74,1893,58,118 PM,36,-8,2011,28,259 AM,0,0.01,0,0.44,0.42,M,0.55,1.06,0.81,2010,0.02,0,M,M,0,M,0.5,T,M,,M,M,M,M
KABQ,2/3/2020,ALBUQUERQUE INTL,NM,ABQ,61,1934,50,400 PM,30,-7,2011,28,653 AM,0,0.02,0,0.3,0.43,M,0.6,0.93,0.18,1983,-0.13,0,0,M,0,M,5.3,1.3,M,,M,M,M,M
KCAO,2/3/2020,CLAYTON MUNI(AMOS),NM,ABQ,43,1925,50,114 AM,22,-15,2011,22,1159 PM,T,0.01,T,0.23,0.31,M,0.65,0.67,0.76,2010,-0.08,M,M,M,0,M,7,2,M,,M,M,M,M
KWMC,2/3/2020,WINNEMUCCA MUNI,NV,LKN,32,1953,44,303 PM,10,-20,1903 1883,21,1039 PM,0,0.02,0.02,0.83,0.94,M,M,M,0.37,1925,-0.11,0,T,M,0.3,M,8.5,5,2.4,1939,13.1,9.6,0.5,-4.6
KRNO,2/3/2020,RENO/CANNON INTL,NV,REV,35,1963,48,216 PM,18,-8,1903,27,1153 PM,0,0.03,T,0.13,1.12,M,M,M,0.67,1938,-0.99,0,T,M,0.3,M,6.3,3.3,8.6,1938,14.4,10.9,0.4,-8.1
KELY,2/3/2020,ELY/YELLAND FLD,NV,LKN,19,1953,40,334 PM,-2,-18,2016,13,1155 PM,T,0.02,0.13,0.55,0.77,M,M,M,0.21,1989,-0.22,0.4,3,M,2.8,M,22.2,11.5,6,1989,27.8,18.3,0.8,-5.6
KEKO,2/3/2020,ELKO,NV,LKN,25,1953,38,434 PM,10,-21,1950,16,1125 PM,T,0.03,0.02,1.19,1.21,M,M,M,0.35,1915,-0.02,T,T,M,0.1,M,21.2,18.3,5.1,2008,26.9,21.2,0.8,-5.7
KTPH,2/3/2020,TONOPAH AIRPORT,NV,LKN,28,2018 2015,47,201 PM,14,-6,2016,22,944 PM,T,0.02,T,T,0.54,M,M,M,0.43,1998,-0.54,M,M,M,M,M,M,M,M,,M,M,M,M
KP68,2/3/2020,EUREKA (RAMOS),NV,LKN,21,2015,40,110 PM,4,-16,1988 1983,13,1159 PM,0,0.02,0.03,0.7,0.82,M,M,M,0.12,1987 1987 2008,-0.12,M,M,M,M,M,M,M,M,,M,M,M,M
KBPT,2/3/2020,BEAUMONT/PORT ARTHU,TX,LCH,76,2012 1911,63,120 PM,55,17,1951,45,715 AM,T,0.13,T,5.18,5.68,M,6.25,10.97,2.5,1960,-0.5,0,0,M,0,M,0,0,T,1985,T,T,0,0
KSYR,2/3/2020,SYRACUSE/HANCOCK,NY,BGM,44,1991,32,416 PM,28,-14,1961,16,1104 PM,0.02,0.07,0.05,2.9,2.71,M,7.03,5.93,0.58,2016,0.19,0.1,1,M,0.6,M,46.9,40.3,7.2,1970,79.6,69.7,3,-32.7
KGFL,2/3/2020,GLEN FALLS/WARREN,NY,ALY,42,1991,30,142 PM,23,-27,2015,7,1135 PM,0,0.08,0.01,1.96,3.1,M,4.67,6.15,1.42,1982,-1.14,M,M,M,M,M,M,M,M,,M,M,M,M
KNYC,2/3/2020,NEW YORK CITY,NY,OKX,57,1991,39,510 PM,37,0,1955,27,124 AM,T,0.11,0.07,2,3.98,M,9.09,7.98,1.55,1972,-1.98,0,0,M,T,M,4.8,M,8,2014,13.1,M,1,-8.3
KBUF,2/3/2020,BUFFALO INTL ARPT,NY,BUF,45,2016,31,401 PM,36,-7,1881,18,1159 PM,T,0.09,0.34,3.06,3.45,M,8.43,7.34,1.35,1880,-0.39,0,T,M,2.3,M,44.2,31.6,8.7,1908,63.7,54.9,2.2,-19.5
KROC,2/3/2020,ROCHESTER/MONROE CO,NY,BUF,46,2016,32,433 PM,31,-5,1951,17,853 PM,T,0.07,0.19,3,2.62,M,6.9,5.25,1.37,1880,0.38,T,1,M,1.1,M,63.1,45.3,13.7,1880,59.9,52.5,2.5,3.2
KMDT,2/3/2020,HARRISBURG PA,PA,CTP,66,1991,38,411 PM,33,1,1905,23,206 AM,0,0.09,0.03,3.11,3.14,M,M,M,1.32,1972,-0.03,0,0,M,0,M,M,M,6.5,2014,M,M,1.2,M
KONO,2/3/2020,ONTARIO MUNICIPAL,OR,BOI,42,2018,39,327 PM,23,-18,1950,21,1159 PM,0,0.03,0.02,1.5,1.26,M,M,M,0.48,2019,0.24,M,M,M,M,M,M,M,M,,M,M,M,M
KBKE,2/3/2020,BAKER MUNICIPAL,OR,BOI,38,2018,36,142 PM,20,-15,1996,17,647 AM,T,0.02,0.03,0.31,0.86,M,M,M,0.26,1953,-0.55,M,M,M,M,M,M,M,M,,M,M,M,M
KBNO,2/3/2020,BURNS MUNI (AMO,OR,BOI,36,1953 1963 2018,36,124 PM,17,-19,1996,16,1155 PM,0,0.03,T,1.77,1.29,M,M,M,0.41,1940 1944,0.48,M,M,M,M,M,M,M,M,,M,M,M,M
KMFR,2/3/2020,MEDFORD/JACKSON CO.,OR,MFR,44,2018 2005,52,314 PM,27,9,1950,34,1159 PM,T,0.08,0.07,3.5,2.64,M,M,M,1,1951,0.86,0,0,M,0,M,0.5,M,M,,3.1,M,0.1,-2.6
KRDM,2/3/2020,REDMOND OR,OR,PDT,38,2005,45,313 PM,14,-11,1950,24,636 AM,0.02,0.02,0.07,0.81,1.04,M,M,M,0.3,2004,-0.23,M,M,M,M,M,M,M,M,,M,M,M,M
KPDX,2/3/2020,PORTLAND INTL ARPT,OR,PQR,46,1963,50,349 PM,30,4,1950,36,1146 PM,0.02,0.13,0.27,7.85,5.26,M,M,M,0.68,1952,2.59,T,M,M,T,M,T,T,1.1,1979,M,M,M,M
KTTD,2/3/2020,PORTLAND/TROUTDALE,OR,PQR,43,1963,48,426 PM,29,5,1950,35,1255 AM,0.03,0.19,0.28,7.22,6.74,M,M,M,M,,0.48,M,M,M,M,M,M,M,M,,M,M,M,M
KAST,2/3/2020,ASTORIA/CLATSOP,OR,PQR,46,2009,51,241 PM,30,11,1989,37,1159 PM,T,0.27,0.69,18.83,11,M,M,M,3.6,1907,7.83,M,M,M,M,M,M,M,M,,M,M,M,M
KAOO,2/3/2020,ALTOONA/BLAIR CO.,PA,CTP,64,1991,35,324 PM,42,-4,1955,20,622 AM,0,0.07,0.07,3,2.39,M,M,M,0.88,1972,0.61,M,M,M,M,M,M,M,M,,M,M,M,M
KDUJ,2/3/2020,DU BOIS (AWOS),PA,PBZ,56,2016,32,439 PM,33,-5,1965,17,756 AM,0,0.07,0.04,2.35,3.34,M,M,M,M,,-0.99,M,M,M,M,M,M,M,M,,M,M,M,M
KABE,2/3/2020,ALLENTOWN-BETHLEHEM,PA,PHI,60,1991,37,319 PM,34,-2,1955,20,338 AM,0,0.09,0.11,2.64,3.33,M,6.06,6.91,1.37,1982,-0.69,0,0,M,T,M,5.3,5.3,9.3,2014,17.2,16.5,1.3,-11.9
KPHL,2/3/2020,PHILADELPHIA INTL,PA,PHI,61,1991 2006 2016,41,424 PM,33,4,1881,26,613 AM,0,0.09,0.05,2.69,3.32,M,7.9,6.88,1.64,1939,-0.63,0,0,M,0,M,0.3,0.3,8,1886,11.3,11,1.1,-11
KAVP,2/3/2020,WILKES-BARRE/SCRANT,PA,BGM,55,2016 1991,34,411 PM,35,-5,1961,19,214 AM,0,0.08,0.3,2.97,2.61,M,5.44,5.29,1.1,2004,0.36,0,M,M,1,M,19.2,18.2,3.2,2014,25.7,22.7,1.1,-6.5
KERI,2/3/2020,ERIE INTL AIRPORT,PA,CLE,49,2016,34,1128 AM,34,-11,1881,20,714 AM,0,0.08,0.13,3.66,3.2,M,8.67,6.94,M,,0.46,0,0,M,0.5,M,41.9,34,M,,68.1,59.4,2.3,-26.2
KPIT,2/3/2020,PITTSBURGH INTL,PA,PBZ,62,1883,37,452 PM,34,-5,1905,22,731 AM,0,0.08,0.09,3.78,2.96,M,M,M,1.02,1939,0.82,0,0,M,0.9,M,M,M,10.1,1961,M,M,1.2,M
KUNR,2/3/2020,Rapid City,SD,UNR,25,1962,37,None,20,-23,1899,17,None,0.09,0.02,0.11,0.23,0.34,M,0.34,0.66,0.71,1997,-0.11,1.3,1,M,1.3,M,40.1,6.3,8.9,1997,20.1,11.5,0.8,20
KCUB,2/3/2020,COLUMBIA OWENS DOWNTOWN AIRPORT,SC,CAE,78,,58,428 PM,39,M,,37,746 AM,0,0.1,0,5.8,3.94,M,10.21,7.14,M,,1.86,M,M,M,M,M,M,M,M,,M,M,M,M
KOGB,2/3/2020,ORANGEBURG,SC,CAE,76,,59,428 PM,42,M,,37,634 AM,0,0.1,0.01,3.14,4.27,M,8.92,7.59,M,,-1.13,M,M,M,M,M,M,M,M,,M,M,M,M
KCHS,2/3/2020,CHARLESTOWN MUNI,SC,CHS,78,1989,61,313 PM,45,21,1940,39,723 AM,0,0.11,T,1.46,4.04,M,8.03,7.15,2.25,1952,-2.58,0,M,M,M,M,0,0,M,,0.3,0.3,M,-0.3
KCAE,2/3/2020,COLUMBIA METRO,SC,CAE,79,1990 1989,58,244 PM,42,9,1917,35,603 AM,0,0.12,0,5.84,3.95,M,15.15,7.17,2.07,1998,1.89,0,M,M,0,M,0,0,0.9,1961,1,1,0.1,-1
KFLO,2/3/2020,FLORENCE REGIONAL,SC,ILM,76,1989,57,432 PM,40,19,1980,36,735 AM,0,0.1,0.01,4.62,3.54,M,11.29,6.55,2.04,2016,1.08,M,M,M,M,M,M,M,0.2,1961,1.2,1.2,0,M
K8D3,2/3/2020,SISSETON,SD,ABR,31,1991,25,132 AM,10,-26,1996,5,1159 PM,0,0.01,0,0.63,0.46,M,1.66,0.85,0.72,1943,0.17,0,5,M,0,M,29.6,M,4,1971 1943,M,M,M,M
KPHP,2/3/2020,PHILIP,SD,UNR,31,,37,1149 AM,22,M,,11,1159 PM,0,0.01,0,0.33,0.33,M,1.06,0.76,M,,0,M,M,M,M,M,M,M,M,,M,M,M,M
KFSD,2/3/2020,SIOUX FALLS,SD,FSD,33,2005,28,131 AM,18,-35,1917,8,1159 PM,0,0.02,0,0.8,0.62,M,2.04,1.31,0.66,1997,0.18,0,2,M,0,M,25.6,16.5,8.4,1997,25.4,16.7,0.8,0.2
KSFD,2/3/2020,San Francisco Downtown,CA,UNR,55,2018,59,443 PM,43,35,1883,47,743 AM,0,0.17,0,2.45,4.99,M,M,M,1.43,1927,-2.54,M,M,M,M,M,M,M,M,,M,M,M,M
KIEN,2/3/2020,PINE RIDGE,SD,UNR,29,,38,111 AM,19,M,,11,1159 PM,0.03,0.02,0.03,0.48,0.38,M,1.07,0.73,M,,0.1,M,M,M,M,M,M,M,M,,M,M,M,M
KMHE,2/3/2020,MITCHELL,SD,FSD,32,1962,30,108 AM,18,-36,1996,11,1159 PM,0,0.01,0,0.81,0.26,M,2.19,0.71,0.6,1924,0.55,0,12,M,0,M,31.3,24.8,6,1924,M,M,0,M
KHON,2/3/2020,HURON,SD,FSD,31,1962,29,1216 AM,16,-31,1996,8,1158 PM,0,0.02,0,0.64,0.56,M,1.65,1.08,0.5,1997,0.08,0,7,M,0,M,34.5,20.1,5.5,1997,24.4,16.1,0.8,10.1
KPIR,2/3/2020,PIERRE,SD,ABR,32,1962,32,1216 AM,20,-29,1996,11,1140 PM,0,0.01,0,0.32,0.46,M,1.34,1.01,0.66,1997,-0.14,0,T,M,0,M,28.9,M,7.5,1997,16.4,M,0.5,12.5
KATY,2/3/2020,WATERTOWN,SD,ABR,29,2005,24,1258 AM,10,-36,1905,4,1159 PM,0,0.02,0,0.91,0.57,M,2.51,1.1,0.62,1943,0.34,0,16,M,0,M,28.3,M,6,1919,19.7,M,0.7,8.6
KTYS,2/3/2020,KNOXVILLE MUNICIPAL,TN,MRX,74,1986,49,419 PM,44,2,1917,30,822 AM,0,0.15,0.06,7.32,4.78,M,12.28,9.28,3.26,1894,2.54,0,0,M,0,M,2,0.3,M,,3.7,3.7,0.2,-1.7
KMKL,2/3/2020,JACKSON/MCKELLAR,TN,MEG,73,1986,50,327 PM,51,-8,1951,29,707 AM,0,0.15,T,5.31,4.52,M,9.98,9.87,3.96,1990,0.79,M,M,M,M,M,M,M,M,,M,M,M,M
KMEM,2/3/2020,MEMPHIS INTL ARPT,TN,MEG,68,1883,52,247 PM,56,4,1996,34,735 AM,T,0.15,T,6.44,4.44,M,10.48,10.18,3.07,1894,2,0,0,M,0,M,T,T,9.6,1886,2.3,2.3,0.2,-2.3
KTRI,2/3/2020,BRISTOL/TRI-CITY,TN,MRX,66,1989,47,422 PM,32,-4,1965,26,740 AM,0,0.12,0.05,4.41,3.74,M,7.65,7.11,1.17,2016 2014,0.67,0,0,M,0,M,2,0.9,M,,7.8,7.5,0.4,-5.8
KBNA,2/3/2020,NASHVILLE METRO,TN,OHX,72,1890,49,148 PM,50,-10,1951,29,128 AM,0,0.14,0.11,5.19,4.17,M,M,M,2.87,1894,1.02,0,M,M,0,M,0.4,T,9.8,1886,M,M,M,M
KCHA,2/3/2020,CHATTANOOGA/LOVELL,TN,MRX,74,1986 1927,52,411 PM,38,4,1917,32,737 AM,T,0.18,T,5.97,5.43,M,10.88,10.33,2.57,1936,0.54,0,0,M,0,M,0.3,0.3,M,,2.1,2.1,0.1,-1.8
KCSV,2/3/2020,CROSSVILLE MEMORIAL,TN,OHX,66,1986,46,229 PM,44,-5,1965,28,707 AM,T,0.17,0.04,7.08,5.25,M,M,M,1.95,1990,1.83,M,M,M,M,M,M,M,M,,M,M,M,M
KDHT,2/3/2020,DALHART MUNICIPAL,TX,AMA,43,2019,51,130 AM,28,-13,2011,21,1159 PM,0,0.02,0,0.65,0.57,M,1.34,1.11,1.08,2010,0.08,0,0,M,0,M,8,3,6,2010,10.9,9,0.4,-2.9
KLBB,2/3/2020,LUBBOCK INTL ARPT,TX,LUB,71,1934,56,345 PM,36,4,1972,28,642 AM,T,0.03,T,0.37,0.73,M,1.02,1.49,1.35,2010,-0.36,M,0,M,0,M,1.1,1,6,1956,6.1,5.2,0.3,-5
KCLL,2/3/2020,COLLEGE STATION,TX,HGX,75,1892,63,222 PM,57,16,1951,42,411 AM,T,0.09,T,2.49,3.54,M,3.05,6.77,4.11,2012,-1.05,0,M,M,0,M,0,M,M,,M,M,M,M
KGGG,2/3/2020,LONGVIEW/GREGG CO.,TX,SHV,69,1911,59,354 PM,52,5,1951,36,445 AM,T,0.13,T,4.72,3.71,M,5.8,8.2,2.89,1989,1.01,0,0,M,0,M,0,0,M,,M,M,M,M
KSAT,2/3/2020,SAN ANTONIO INTL,TX,EWX,73,1911,65,502 PM,53,12,1951,42,636 AM,T,0.06,T,1.87,1.95,M,2.39,3.86,2.44,1986,-0.08,0,0,M,0,M,0,0,M,,M,M,M,M
KCDS,2/3/2020,CHILDRESS MUNICIPAL,TX,LUB,59,1962,56,258 PM,36,2,1996,30,1159 PM,0,0.04,0,1.28,0.83,M,1.9,1.74,1.37,1964,0.45,0,0,M,0,M,0.1,0.1,M,,5.5,4.6,0.2,-5.4
KVCT,2/3/2020,VICTORIA REGIONAL,TX,CRP,78,1927,66,1222 PM,58,21,1951,44,105 AM,0,0.07,0,2.78,2.74,M,3.49,5.05,2.69,1992,0.04,0,0,M,0,M,0,0,0,2002,0.1,0.1,0,-0.1
KACT,2/3/2020,Waco,TX,FWD,68,1911,60,204 PM,53,12,1985,37,553 AM,0.01,0.08,0.01,2.21,2.36,M,2.95,5.11,3.96,1986,-0.15,0,0,M,0,M,0,0,0.5,2011,0.4,0.3,0,-0.4
KMFE,2/3/2020,MCALLEN/MILLER INTL,TX,BRO,78,2006,73,327 PM,62,19,1951,52,613 AM,T,0.05,T,0.41,1.19,M,0.82,2.38,1.45,1986,-0.78,0,0,M,0,M,0,0,M,,M,M,M,M
KHRL,2/3/2020,HARLINGEN INTL ARPT,TX,BRO,79,1963,72,1200 PM,64,23,1951,51,346 AM,T,0.06,T,0.34,1.23,M,0.92,2.49,1.14,2010,-0.89,0,0,M,0,M,0,0,M,,M,M,M,M
KBRO,2/3/2020,BROWNSVILLE INTL,TX,BRO,79,2006,72,1059 AM,62,25,1951,53,155 AM,0.02,0.05,0.02,0.55,1.42,M,1.29,2.57,2.14,1993,-0.87,0,0,M,0,M,0,0,M,,M,M,M,M
KDRT,2/3/2020,DEL RIO INTL (AUT),TX,EWX,71,1911,66,414 PM,54,20,2011,43,630 AM,T,0.02,T,0.67,0.8,M,0.72,1.45,1.16,2010,-0.13,0,M,M,0,M,0,0,M,,M,M,M,M
KTYR,2/3/2020,TYLER/POUNDS FLD,TX,SHV,71,1911,58,229 PM,53,13,1985,38,729 AM,0.08,0.13,0.08,4.21,3.43,M,5.39,7.67,1.79,1975,0.78,0,0,M,0,M,0,0,M,,M,M,M,M
KLFK,2/3/2020,LUFKIN/ANGELINA CO.,TX,SHV,73,1911,62,118 PM,46,7,1951,40,434 AM,T,0.13,T,5.86,4.59,M,7.48,9.03,2.95,1910,1.27,M,0,M,0,M,0,0,M,,M,M,M,M
KELP,2/3/2020,EL PASO INTL ARPT,TX,EPZ,70,1890,61,343 PM,51,1,2011,35,1255 AM,0,0.01,0,0.27,0.45,M,0.99,1.23,0.78,2010,-0.18,0,0,M,0,M,T,T,M,,M,M,M,M
KVEL,2/3/2020,VERNAL,UT,GJT,29,,31,151 PM,12,M,,12,1159 PM,0.13,0.02,0.13,0.27,0.55,M,1.32,1.19,M,,-0.28,M,M,M,M,M,M,M,M,,13.1,11.5,0.4,M
KCDC,2/3/2020,CEDAR CITY MUNI,UT,SLC,47,1953,43,1248 AM,5,-11,2016,18,925 PM,0.27,0.03,0.27,0.57,0.95,M,M,M,0.56,1982,-0.38,M,M,M,M,M,M,M,M,,M,M,M,M
KCNY,2/3/2020,MOAB/CANYONLANDS,UT,GJT,47,,42,558 AM,23,M,,21,959 PM,0.04,0.02,0.04,0.37,0.69,M,1.25,1.29,M,,-0.32,M,M,M,M,M,M,M,M,,M,M,M,M
KSLC,2/3/2020,SALT LAKE CITY INTL,UT,SLC,29,1953,40,1204 AM,17,-12,1996,22,1125 PM,0.41,0.04,0.44,2.22,1.37,M,M,M,0.6,1899,0.85,8.6,5,M,9,M,33.9,M,7,1936,35.9,M,1.2,-2
KRIC,2/3/2020,RICHMOND/BYRD FIELD,VA,AKQ,72,1989,49,353 PM,45,6,1966 1917,29,440 AM,0,0.1,0.02,3.61,3.34,M,6.88,6.6,2.65,1920,0.27,0,0,M,0,M,1,M,2.5,1961,6.6,M,0.4,-5.6
KLYH,2/3/2020,LYNCHBURG/P. GLENN,VA,RNK,71,1989,47,330 PM,49,3,1917 1895,26,655 AM,0,0.1,T,3.98,3.46,M,6.83,6.7,2.34,1920,0.52,0,0,M,0,M,T,T,M,,M,M,M,M
KCHO,2/3/2020,CHARLOTTESVILLE,VA,LWX,68,,46,454 PM,51,M,,27,754 AM,0,0.07,0.02,3.59,3,M,6.13,6.15,M,,0.59,M,M,M,M,M,M,M,M,,M,M,M,M
KROA,2/3/2020,ROANOKE MUNICIPAL,VA,RNK,69,1989,47,251 PM,52,2,1917,28,859 AM,0,0.1,T,3.26,3.23,M,6.1,6.17,1.89,2014,0.03,0,0,M,0,M,1.6,1.6,M,,M,M,M,M
KORF,2/3/2020,NORFOLK INTL ARPT,VA,AKQ,75,1989,49,200 PM,47,9,1917,33,539 AM,0,0.11,0.25,3.83,3.73,M,5.86,6.99,2.44,1920,0.1,0,0,M,0,M,T,M,2.3,1970,3.8,M,0.2,-3.8
KDAN,2/3/2020,DANVILLE REGIONAL,VA,RNK,71,1989,48,411 PM,41,6,1917,30,354 AM,0,0.12,T,3.82,3.78,M,7.01,7.05,1.65,2016,0.04,0,0,M,0,M,T,T,M,,M,M,M,M
KBTV,2/3/2020,BURLINGTON INTL,VT,BTV,40,2016,28,657 PM,29,-25,1971,10,610 AM,T,0.07,T,2.61,2.26,M,4.2,4.64,0.88,1983,0.35,T,3,M,T,M,41.6,29.1,6.2,1910,46.2,40.8,1.8,-4.6
KRUT,2/3/2020,RUTLAND STATE(AWOS),VT,BTV,39,,M,MM,27,M,,M,None,T,M,T,0.84,T,M,3.13,T,M,,0.84,M,M,M,M,M,M,M,M,,M,M,M,M
K1V4,2/3/2020,ST. JOHNSBURY(AMOS),VT,BTV,39,1999,28,212 PM,20,-13,2015,6,336 AM,0,0.08,0,2.33,2.76,M,5.04,5.84,0.45,2006,-0.43,M,M,M,M,M,M,M,M,,M,M,M,M
KMPV,2/3/2020,BARRE-MONTPELIER,VT,BTV,37,,28,349 PM,22,M,,7,155 AM,0,0.08,0.01,1.85,2.69,M,4.65,5.43,M,,-0.84,M,M,M,M,M,M,M,M,,M,M,M,M
KWAL,2/3/2020,WALLOPS ISLAND STN,VA,AKQ,66,2006,45,131 PM,45,13,1971,29,705 AM,0,0.09,0.15,3.73,3.33,M,6.71,6.76,1.79,,0.4,0,M,M,0,M,T,M,2.7,1996,4.3,M,0.3,-4.3
KMWH,2/3/2020,MOSES LAKE/GRANT CO,WA,OTX,44,,40,259 PM,21,M,,26,600 AM,0,0.04,0.01,1.19,1.25,M,M,M,M,,-0.06,M,M,M,M,M,M,M,M,,M,M,M,M
KEPH,2/3/2020,EPHRATA MUNICIPAL,WA,OTX,41,2018,39,304 PM,15,-19,1950,24,503 AM,0,0.02,T,1.11,0.98,M,M,M,0.24,1990,0.13,M,M,M,M,M,M,M,M,,M,M,M,M
KDEW,2/3/2020,DEER PARK,WA,OTX,37,,36,243 PM,10,M,,22,536 AM,0,0.07,0.02,4.92,2.84,M,M,M,M,,2.08,M,M,M,M,M,M,M,M,,M,M,M,M
KGEG,2/3/2020,SPOKANE INTL ARPT,WA,OTX,34,1909,37,414 PM,19,-21,1883,26,703 AM,0,0.04,T,3.17,1.92,M,M,M,0.73,2017,1.25,0,0,M,0,M,37.1,29.6,7.1,1913,34.4,26.9,0.9,2.7
KSFF,2/3/2020,SPOKANE/FELTS FIELD,WA,OTX,37,,39,250 PM,18,M,,27,710 AM,0,0.06,T,2.76,2.14,M,M,M,M,,0.62,M,M,M,M,M,M,M,M,,M,M,M,M
KUIL,2/3/2020,QUILLAYUTE STATE,WA,SEW,42,1992,48,331 PM,27,15,1989 1972,36,807 AM,0.03,0.39,0.83,31.61,15.77,M,M,M,2.57,1974,15.84,M,M,M,M,M,M,M,M,,M,M,M,M
KBLI,2/3/2020,BELLINGHAM INTL,WA,SEW,42,1992,47,319 PM,30,5,1950,33,907 PM,0.04,0.12,0.6,7.62,5.02,M,M,M,1.39,1967,2.6,M,M,M,M,M,M,M,M,,M,M,M,M
KPUW,2/3/2020,PULLMAN/MOSCOW RGNL,WA,OTX,33,2005,39,330 PM,19,-15,1989,28,659 AM,0,0.07,0.21,3.57,2.03,M,M,M,0.63,1963,1.54,M,M,M,M,M,M,M,M,,M,M,M,M
KOLM,2/3/2020,OLYMPIA,WA,SEW,44,2009 1954,48,250 PM,26,1,1950,33,1143 PM,0,0.21,1.09,16.65,8.44,M,M,M,1.5,1968,8.21,M,M,M,M,M,M,M,M,,M,M,M,M
KSEA,2/3/2020,SEATTLE-TACOMA INTL,WA,SEW,43,1992,49,135 PM,35,8,1950,37,746 AM,0.11,0.14,1.29,10.52,5.97,M,M,M,1.29,1968,4.55,T,0,M,T,M,0.7,M,1.3,1949,M,M,M,M
KEAT,2/3/2020,WENATCHEE/PANGBORN,WA,OTX,41,2018,38,245 PM,24,-15,1996,27,810 AM,0,0.03,T,1.11,1.15,M,M,M,0.7,1998,-0.04,M,M,M,M,M,M,M,M,,M,M,M,M
KMKE,2/3/2020,MILWAUKEE,WI,MKX,43,1992 1928,30,1222 PM,32,-26,1996,17,615 AM,0,0.05,T,2.07,1.92,M,4.03,3.96,0.5,1936 1896,0.15,0,0,M,T,M,27.9,14.5,5.1,1980,29.2,26.5,1.2,-1.3
KAUW,2/3/2020,WAUSAU,WI,GRB,38,,25,106 PM,24,-32,1996,7,1159 PM,0,0.03,T,1.66,1.11,M,4.41,2.47,0.43,1949,0.55,0,16,M,0.2,M,51.9,M,4.4,1926,36.8,M,1.1,15.1
KBLF,2/3/2020,BLUEFIELD/MERCER CO,WV,RNK,60,1911,43,717 PM,39,-7,1917,27,557 AM,0,0.1,0.07,2.49,3.19,M,4.86,6.1,1.7,1923,-0.7,0,0,M,T,M,8.6,7.4,M,,M,M,M,M
KPKB,2/3/2020,PARKERSBURG/WILSON,WV,RLX,66,1927,41,409 PM,39,-4,1951,24,750 AM,T,0.1,0.07,3.44,3.25,M,M,M,1.3,1939,0.19,M,M,M,M,M,M,M,M,,M,M,M,M
KHTS,2/3/2020,HUNTINGTON/TRI STAT,WV,RLX,68,2019 1962,44,212 PM,45,-4,1951,26,800 AM,T,0.11,0.17,3.52,3.3,M,M,M,2.58,1939,0.22,0,0,M,0,M,M,M,3.3,1979,M,M,0.9,M
KCRW,2/3/2020,CHARLESTON/KANAWHA,WV,RLX,67,1903,44,1139 PM,39,-2,1951 1905,27,724 AM,0,0.1,0.22,3.78,3.32,M,M,M,2.62,1939,0.46,0,0,M,0,M,M,M,5.5,1970 2007 2002,M,M,1.2,M
KMRB,2/3/2020,MARTINSBURG RGNL,WV,LWX,68,,41,328 PM,44,M,,23,743 AM,0,0.08,0.07,3.09,2.69,M,6.09,5.4,M,,0.4,M,M,M,M,M,M,M,M,,M,M,M,M
KBKW,2/3/2020,BECKLEY MEMORIAL,WV,RLX,61,1914,41,1146 PM,37,-7,1951,24,722 AM,0,0.1,0.08,2.5,3.1,M,M,M,1.92,1939,-0.6,0,0,M,T,M,M,M,4.1,2009,M,M,2,M
KLND,2/3/2020,LANDER/HUNT FIELD,WY,RIW,19,1925,34,1248 AM,10,-26,1899,11,1123 PM,0.91,0.02,1.08,1.32,0.46,M,1.41,1.04,0.37,1961,0.86,13.1,19,M,13.8,M,50.8,18.7,M,,44.2,18.6,0.9,6.6
KEVW,2/3/2020,EVANSTON/BURNS FLD,WY,SLC,26,,29,1232 AM,4,M,,14,1045 PM,0.08,0.02,0.08,0.19,0.59,M,M,M,M,,-0.4,M,M,M,M,M,M,M,M,,M,M,M,M
KSHR,2/3/2020,SHERIDAN CO. ARPT,WY,BYZ,23,2005,37,147 PM,12,-32,1989,13,1105 PM,0.24,0.02,0.69,1.07,0.62,M,M,M,0.44,1955,0.45,M,M,M,M,M,M,M,M,,M,M,M,M
KWRL,2/3/2020,WORLAND MUNICIPAL,WY,RIW,21,2005,33,415 PM,15,-36,1996,6,1159 PM,0.12,0.01,0.21,0.36,0.25,M,0.36,0.48,0.15,1977,0.11,M,M,M,M,M,M,M,M,,M,M,M,M
KCPR,2/3/2020,CASPER/NATRONA INTL,WY,RIW,22,1953,35,1206 AM,11,-29,1989,14,1159 PM,0.24,0.02,0.27,0.75,0.57,M,1.35,1.06,0.32,1955,0.18,15.2,12,M,15.2,M,63.7,31,M,,40.6,21.1,1,23.1
KRIW,2/3/2020,RIVERTON,WY,RIW,18,2015,32,1236 AM,10,-18,1996,10,1000 PM,0.48,0,0.56,0.83,0.26,M,0.87,0.58,0.03,2015,0.57,7.2,10,M,8.6,M,27.9,13.6,M,,M,M,M,M
KGCC,2/3/2020,GILLETTE (AMOS),WY,UNR,20,,37,1055 AM,13,M,,15,1014 PM,0.2,0.01,0.3,0.85,0.43,M,1.08,0.83,M,,0.42,M,M,M,M,M,M,M,M,,M,M,M,M
KXWA,2/3/2020,WILLISTON BASIN AIRPORT,ND,BIS,23,,M,348 PM,13,M,,M,924 AM,0.01,M,M,M,M,M,M,M,M,,M,M,M,M,M,M,M,M,M,,M,M,M,M
KRNK,2/3/2020,Blacksburg,VA,RNK,62,1989,43,None,40,4,1978,22,None,0,0.1,T,3.12,3.38,M,5.92,6.33,1.8,1982,-0.26,0,0,M,T,M,3,3,M,,M,M,M,M
KMQT,2/3/2020,Marquette,MI,MQT,30,1991,23,None,19,-31,1996,4,None,0,0.07,0.16,3.34,2.63,M,8.86,5.2,1.53,1983,0.71,0,36,M,2.5,M,134.9,102.7,18.4,1983,120.6,90.1,4.1,14.3
KMPX,2/3/2020,Minneapolis NWS,MN,MPX,30,,25,None,17,M,,7,None,0,0.03,0,0.78,0.96,M,2.47,2.21,M,,-0.18,0,7,M,0,M,35.6,21.6,M,,31.1,25.3,1.1,4.5
KMHS,2/3/2020,MT SHASTA CITY CA,CA,MFR,37,2009,47,349 PM,25,9,1950,27,645 AM,0,0.25,0.12,3.97,7.79,M,M,M,2.48,1958,-3.82,M,M,M,M,M,M,M,M,,55.4,M,2.1,M
KILX,2/3/2020,Lincoln NWS,IL,ILX,62,1931,35,MM,31,-19,1996,19,MM,0.01,0.06,0.02,4.3,2.1,M,5.79,4.74,0.48,1943,2.2,0,0,M,0,M,11.2,6.7,4.5,1913,13.4,12.8,0.7,-2.2
KHSE,2/3/2020,HATTERAS_(ASOS),NC,MHX,66,1989,53,1228 PM,50,15,1917,39,721 AM,0,0.15,0.44,1.89,5.7,M,7.72,9.97,2.87,1970,-3.81,0,0,M,0,M,T,M,M,,M,M,M,M
KMEI,2/3/2020,MERIDIAN/KEY FIELD,MS,JAN,76,1990,58,314 PM,43,9,1951,34,533 AM,0,0.21,T,9.31,5.76,M,13.26,10.82,6.95,1936,3.55,0,M,M,0,M,T,0,0.1,1996,0.3,0.3,0,-0.3
KISP,2/3/2020,ISLIP/MACARTHUR,NY,OKX,53,1991,39,121 PM,34,6,1971,24,611 AM,0.01,0.11,0.08,2.27,3.97,M,10.28,8.03,1.28,1972,-1.7,0,0,M,0,M,6.8,M,7,2014,13.3,M,0.7,-6.5
KJFK,2/3/2020,NEW YORK/JF KENNEDY,NY,OKX,55,1991,40,332 PM,36,6,1961,27,1240 AM,0,0.09,0.05,1.98,3.43,M,10.01,6.82,1.44,1972,-1.45,0,0,M,0,M,3.8,M,6.7,2014,12.1,M,0.9,-8.3
KGSP,2/3/2020,GREENVILLE/SPARTANB,SC,GSP,77,1989,54,305 PM,39,5,1917,33,752 AM,0,0.13,0.01,7.03,4.22,M,14.04,8.33,2.34,1998,2.81,0,0,M,0,M,0.1,0.1,1.3,1975,2.9,2.8,0.1,-2.8
KGRB,2/3/2020,GREEN BAY,WI,GRB,42,1931,25,126 PM,26,-28,1996,10,737 AM,0,0.03,T,1.62,1.22,M,4.11,2.73,0.47,1936 1924,0.4,0,5,M,T,M,42.8,28.6,6.7,1974,31.5,27.3,1.2,11.3
KPUB,2/3/2020,PUEBLO MEMORIAL(AW),CO,PUB,56,1934,48,1228 AM,19,-26,1996,15,1159 PM,0.05,0.01,0.05,0.16,0.38,M,M,M,0.38,1936,-0.22,1.6,0,M,1.6,M,22.4,M,4.3,1936,18.5,M,0.5,3.9
KLEE,2/3/2020,LEESBURG,FL,MLB,73,1990,71,453 PM,45,30,1980,50,520 AM,0,0.06,0.31,0.77,2.92,M,4.44,5.44,3.28,1970,-2.15,0,M,M,0,M,0,M,M,,M,M,M,M
KDAG,2/3/2020,BARSTOW-DAGGETT CA,CA,VEF,52,2018,63,158 PM,36,21,1972,38,855 PM,0,0.02,0,T,0.66,M,M,M,0.37,1998,-0.66,M,M,M,M,M,M,M,M,,M,M,M,M
KCXM,2/3/2020,Charleston - Downtown,SC,CHS,66,1989,58,1210 PM,51,12,1917,44,620 AM,0,0.1,0,1.06,3.23,M,9.82,5.83,2.09,1952,-2.17,M,M,M,M,M,M,M,M,,M,M,M,M
KREO,2/3/2020,ROME,OR,BOI,33,,42,441 PM,17,M,,21,1159 PM,0,0.02,0.13,0.96,0.73,M,M,M,M,,0.23,M,M,M,M,M,M,M,M,,M,M,M,M
KIAD,2/3/2020,WASHINGTON/DULLES,VA,LWX,67,1991,44,316 PM,40,1,1965,25,719 AM,0,0.1,0.1,3.43,2.98,M,6.4,5.94,1.33,2014,0.45,0,0,M,0,M,2.9,M,3.5,1996,12.3,M,1,-9.4
KIPT,2/3/2020,WILLIAMSPORT,PA,CTP,60,1991,35,350 PM,34,-6,1971,20,1127 PM,0,0.08,0.08,2.48,2.96,M,M,M,1.24,1972,-0.48,0,0,M,T,M,M,M,7.9,2004,M,M,1,M
KHIB,2/3/2020,HIBBING,MN,DLH,28,1991,20,1208 AM,0,-32,1996 1989,-3,1121 PM,M,M,M,M,M,M,M,M,M,,M,M,M,M,M,M,M,M,M,,M,M,M,M
KBRD,2/3/2020,BRAINERD,MN,DLH,31,2005,23,1222 AM,7,-46,1982,2,1159 PM,0,0.02,0,1.1,0.83,M,3.36,1.64,0.3,1943,0.27,0,19,M,0,M,46.1,27.3,4.5,1974,28.8,20,0.7,17.3
KASX,2/3/2020,ASHLAND,WI,DLH,33,1991,23,202 AM,14,-28,1978 1946,5,1159 PM,M,M,M,M,M,M,M,M,M,,M,M,M,M,M,M,M,M,M,,M,M,M,M
KFPR,2/3/2020,FORT PIERCE,FL,MLB,71,1933,74,232 PM,40,26,1917,51,653 AM,T,0.09,0.57,2,2.85,M,7.16,4.96,2.14,1919,-0.85,M,M,M,0,M,0,M,M,,M,M,M,M
KSFB,2/3/2020,SANFORD,FL,MLB,74,1963,72,417 PM,44,32,1951 1976,50,633 AM,0,0.05,0.07,0.56,2.77,M,4.21,5.47,2.18,1970,-2.21,0,M,M,0,M,0,M,M,,M,M,M,M
KRDG,2/3/2020,READING/SPAATZ FLD,PA,PHI,61,1983,39,343 PM,30,1,1994,21,559 AM,0,0.08,0.03,2.76,3.29,M,6.42,6.58,1.46,1875,-0.53,M,M,M,M,M,M,M,M,,M,M,M,M
KFAR,2/3/2020,FARGO,ND,FGF,28,1991,21,120 AM,-1,-36,1886 1893,1,1159 PM,0,0.02,0,0.62,0.75,M,2.34,1.58,0.43,1943,-0.13,0,12,M,0,M,42.6,28.9,5,1976,31.7,23.1,0.7,10.9
KGYX,2/3/2020,Gray NWS,ME,GYX,43,,31,MM,21,M,,13,MM,0,0.1,0,3.27,3.84,M,10.04,7.9,M,,-0.57,0,6,M,0,M,40.5,39.8,M,,44.3,41.2,1.7,-3.8
KMGM,2/3/2020,MONTGOMERY/DANNELLY,AL,BMX,78,1989 1957,59,224 PM,38,10,1951 1917,37,559 AM,0,0.19,0,6.18,5.23,M,11.79,10.09,2.16,1988,0.95,0,0,M,0,M,0,0,M,,0.1,0.1,0,-0.1
KABY,2/3/2020,ALBANY MUNICIPAL,GA,TAE,75,1989,62,447 PM,37,18,1951,39,750 AM,0,0.13,T,3.67,5.2,M,10.28,8.95,M,,-1.53,0,M,M,M,M,M,M,M,,M,M,M,M
KHKS,2/3/2020,JACKSON HAWKINS,MS,JAN,73,,58,420 PM,47,M,,38,705 AM,T,0.16,T,15.88,5.51,M,22.56,10.7,M,,10.37,M,M,M,M,M,M,M,M,,M,M,M,M
KCKB,2/3/2020,CLARKSBURG WV,WV,RLX,67,1989,41,321 PM,46,-4,1980,23,645 AM,0,0.11,0.14,3.72,3.79,M,M,M,1.37,1939,-0.07,M,M,M,M,M,M,M,M,,M,M,M,M
KTCL,2/3/2020,TUSCALOOSA MUNI,AL,BMX,75,1990,57,228 PM,38,6,1951,35,612 AM,0,0.18,0.02,6.65,5.9,M,12.07,10.52,2.7,1956,0.75,0,M,M,0,M,0,0,M,,0.3,0.3,0,-0.3
KHRI,2/3/2020,HERMISTON OR,OR,PDT,44,1909,45,400 PM,18,-29,1950,27,530 AM,0,0.05,T,0.02,1.48,M,M,M,0.4,1907,-1.48,M,M,M,M,M,M,M,M,,M,M,M,M
KEET,2/3/2020,ALABASTER,AL,BMX,73,,57,338 PM,38,M,,36,705 AM,0,0.21,0.01,6.78,5.97,M,12.08,10.77,M,,0.81,0,0,M,0,M,T,T,M,,M,M,M,M
KVUO,2/3/2020,PEARSON AIRPARK  VANCOUVER,WA,PQR,46,1963,50,318 PM,28,-3,1950,35,1153 PM,0.02,0.18,0.27,M,M,M,M,M,M,,M,M,M,M,M,M,M,M,M,,M,M,M,M
KHTL,2/3/2020,HOUGHTON LAKE,MI,APX,40,1991,27,320 PM,24,-31,1996,9,850 AM,0,0.04,0.07,1.94,1.62,M,5.2,3.27,0.3,1938,0.32,0,8,M,T,M,38.3,M,3.3,1972,43.6,M,1.5,-5.3
KOJC,2/3/2020,OLATHE (OJC),KS,EAX,65,,41,108 PM,36,M,,22,1159 PM,0,0.05,0,1.45,1.27,M,2.67,2.91,M,,0.18,M,M,M,M,M,M,M,M,,M,M,M,M
KSPD,2/3/2020,SPRINGFIELD/COMANCHE NATL GRASS,CO,PUB,48,,48,145 AM,23,M,,19,1159 PM,0,0.02,0,0.11,0.43,M,M,M,M,,-0.32,M,M,M,M,M,M,M,M,,M,M,M,M
KHSV,2/3/2020,HUNTSVILLE/MADISON,AL,HUN,71,1927,53,219 PM,40,3,1951,33,452 AM,T,0.17,0.06,7.82,5.4,M,15.55,11.17,4,1956,2.42,0,0,M,0,M,0.7,0.7,M,,M,M,M,M
KTXK,2/3/2020,TEXARKANA RGNL/WEBB,AR,SHV,66,1927,56,251 PM,48,12,1985,35,527 AM,0.04,0.12,0.04,5.33,3.76,M,6.73,8.81,2.32,1989,1.57,M,0,M,0,M,T,T,M,,M,M,M,M
KLIT,2/3/2020,LITTLE ROCK/ADAMS,AR,LZK,68,1962,52,1205 PM,49,7,1905,32,249 AM,T,0.12,T,6.84,3.92,M,8.46,8.89,2.41,1930,2.92,0,0,M,0,M,T,T,5,1905,2,2,0.2,-2
KLZK,2/3/2020,NORTH LITTLE ROCK,AR,LZK,65,2019,52,111 PM,53,6,1985,34,728 AM,T,0.12,T,7,3.79,M,8.84,8.8,1.72,1997,3.21,0,0,M,0,M,T,T,0.1,1980,2.4,2.4,0.2,-2.4
KCCU,2/3/2020,COPPER MTN CO,CO,BOU,32,,M,300 AM,9,M,,M,1100 PM,M,M,M,M,M,M,M,M,M,,M,0,0,M,M,M,M,M,M,,M,M,M,M
KFNL,2/3/2020,FT COLLINS/LOVELAND CO,CO,BOU,32,,M,MM,14,M,,M,MM,M,M,M,M,M,M,M,M,M,,M,M,0,M,M,M,M,M,M,,M,M,M,M
K20V,2/3/2020,KREMMLING,CO,BOU,41,,M,1200 PM,16,M,,M,1100 PM,M,M,M,M,M,M,M,M,M,,M,0,0,M,M,M,M,M,M,,M,M,M,M
KGXY,2/3/2020,GREELEY  CO,CO,BOU,31,,M,MM,16,M,,M,MM,M,M,M,M,M,M,M,M,M,,M,M,0,M,M,M,M,M,M,,M,M,M,M
KBDU,2/3/2020,BOULDER AIRPORT,CO,BOU,32,,M,200 AM,18,M,,M,1100 PM,M,M,M,M,M,M,M,M,M,,M,M,0,M,M,M,M,M,M,,M,M,M,M
KEKA,2/3/2020,EUREKA,CA,EKA,49,2000,56,None,34,30,1979,41,None,0,0.2,0.35,7.85,7.1,M,M,M,4.81,1890,0.75,0,0,M,0,M,0,0,0,2002,T,T,0,0
KRHI,2/3/2020,RHINELANDER,WI,GRB,33,1991,23,1058 AM,20,-42,1996,4,1159 PM,0,0.03,T,1.8,1.2,M,5.3,2.64,0.98,2003,0.6,0,17,M,T,M,66.5,48.4,8,2003,M,M,M,M
KNYL,2/3/2020,YUMA MCAS,AZ,PSR,60,1963,72,327 PM,48,29,1903,49,1159 PM,0,0.02,0,0.06,0.41,M,M,M,1.2,1877,-0.41,M,M,M,M,M,M,M,M,,M,M,M,M
KMCE,2/3/2020,MERCED/MACREADY FLD,CA,HNX,55,2018 2000,57,314 PM,32,26,2002,38,1156 PM,0,0.07,0,0.73,2.8,M,M,M,0.53,2000,-2.07,0,0,M,0,M,0,0,M,,M,M,M,M
KPRB,2/3/2020,PASO ROBLES MUNI,CA,LOX,55,2018,61,319 PM,27,25,1985,37,1154 PM,0,0.09,0,0.6,3.02,M,M,M,0.9,1998,-2.42,0,M,M,0,M,0,0,M,,M,M,M,M
KHJO,2/3/2020,HANFORD,CA,HNX,54,2000,58,342 PM,32,29,2012 2002,38,1159 PM,0,0.05,0,0.81,2.17,M,M,M,0.33,2017,-1.36,0,0,M,0,M,0,0,M,,M,M,M,M
KBFL,2/3/2020,BAKERSFIELD/MEADOWS,CA,HNX,53,2009,60,341 PM,32,25,1923 1922,41,633 AM,0,0.04,0,0.24,1.29,M,M,M,1.01,1911,-1.05,0,0,M,0,M,0,0,M,,M,M,M,M
KWJF,2/3/2020,LANCASTER/FOX FIELD,CA,LOX,50,2018,60,309 PM,25,11,1948,33,1119 PM,0,0.06,T,0.08,1.68,M,M,M,1.26,1998,-1.68,0,0,M,0,M,0,0,1.2,1979,M,M,M,M
KPMD,2/3/2020,PALMDALE PRODUCTION,CA,LOX,48,2018,60,349 PM,26,14,1972,33,1159 PM,0,0.04,0,0.04,1.7,M,M,M,1.08,1945,-1.7,0,0,M,0,M,0,0,T,1949,M,M,M,M
KITR,2/3/2020,BURLINGTON,CO,GLD,36,1962,43,1202 AM,19,-18,1989,17,1159 PM,T,0.01,T,0.32,0.41,M,0.7,0.84,M,,-0.09,M,M,M,M,M,M,M,M,,M,M,M,M
KP60,2/3/2020,YELLOWSTONE (RAMOS),WY,RIW,12,2000,25,358 PM,-11,-20,2017,1,947 PM,0.15,0.05,0.68,3.49,2.25,M,4.84,3.75,0.62,2019,1.24,M,M,M,M,M,M,M,M,,M,M,M,M
KEYW,2/3/2020,Key West,FL,KEY,73,1957,75,1123 PM,55,44,1917,65,521 AM,0,0.06,0.29,1.59,2.21,M,9.3,4.43,1.01,1970,-0.62,0,0,M,0,M,0,0,M,,M,M,M,M
KMYF,2/3/2020,SAN DIEGO/MONTGOMERY FLD,CA,SGX,63,2009,65,1213 PM,49,36,2002,46,1158 PM,0.01,0.04,0.01,0.35,2.81,M,M,M,0.56,2008,-2.46,M,M,M,M,M,M,M,M,,M,M,M,M
PANC,2/3/2020,ANCHORAGE AK,AK,AFC,26,2003,24,1159 PM,13,-26,1999,12,1200 AM,T,0.02,T,0.7,0.81,M,1.68,1.92,0.53,2012,-0.11,T,10,M,T,M,47,36,9.1,2012,50.7,29.3,1.3,-3.7
KLNK,2/3/2020,LINCOLN,NE,OAX,36,1934,37,1214 AM,28,-22,1996,15,1159 PM,0,0.03,0,1.29,0.72,M,3.86,1.67,0.73,1903,0.57,0,0,M,0,M,9.7,7.3,3.4,2003,14.7,11.9,0.6,-5
KOMA,2/3/2020,OMAHA/EPPLEY,NE,OAX,35,1934,35,211 PM,27,-20,1996,15,1159 PM,0,0.03,0,1.3,0.8,M,3.4,1.84,0.46,1903,0.5,0,0,M,0,M,13.8,11.6,M,,15.8,13,0.7,-2
KOFK,2/3/2020,NORFOLK,NE,OAX,33,1962,34,1246 PM,24,-21,1996,13,1159 PM,0,0.02,0,0.99,0.66,M,2.09,1.41,0.6,1903,0.33,0,0,M,0,M,21.9,11.6,M,,18,13.1,0.7,3.9
KODX,2/3/2020,ORD/SHARP FIELD,NE,GID,33,,38,213 AM,23,M,,13,1159 PM,0,0.01,0,0.77,0.42,M,2.36,1.01,M,,0.35,M,M,M,M,M,M,M,M,,M,M,M,M
KGRI,2/3/2020,GRAND ISLAND,NE,GID,33,1962,37,353 PM,27,-19,1996,16,1159 PM,0,0.02,0,1.18,0.59,M,2.68,1.22,1.4,1903,0.59,0,0,M,0,M,20.9,9.3,5.8,1901,16.5,12.3,0.7,4.4
KMDH,2/3/2020,CARBONDALE IL,IL,PAH,63,1931,43,1204 PM,46,-9,1996,25,626 AM,T,0.08,T,6.01,3.19,M,7.74,6.82,2.26,1989,2.82,M,M,M,M,M,M,M,M,,M,M,M,M
TSJU,2/3/2020,San Juan,PR,SJU,86,2010,83,314 PM,75,63,1917,72,737 AM,T,0.09,T,9.11,4.04,M,14.89,9.06,3.48,1950,5.07,0,M,M,0,M,0,0,M,,0,0,0,0
KDVL,2/3/2020,DEVILS LAKE ND,ND,FGF,23,1991,19,MM,1,-33,1989,0,MM,M,0.01,0,T,0.65,M,0.01,1.34,0.25,1976,-0.65,M,M,M,M,M,M,M,M,,M,M,M,M
KOLF,2/3/2020,WOLF POINT INTL,MT,GGW,35,,27,None,17,M,,2,None,0,0.01,0,0.12,0.33,M,M,M,M,,-0.21,0,M,M,0,M,0,0,M,,M,M,M,M
KHSI,2/3/2020,HASTINGS,NE,GID,34,1909,38,1242 AM,26,-18,1996 1917,17,1159 PM,0,0.02,0,0.98,0.46,M,2.8,1.07,0.78,2012,0.52,0,0,M,0,M,19.3,10,4.2,2003,16.7,12.9,0.8,2.6
KMSL,2/3/2020,MUSCLE SHOALS RGNL,AL,HUN,74,1932 1962,53,325 PM,46,3,1951,33,613 AM,0,0.16,0,9.44,5.09,M,14.19,10.77,3.64,1990,4.35,0,0,M,0,M,0.2,0.2,M,,M,M,M,M
KEAR,2/3/2020,KEARNEY MUNI,NE,GID,33,,37,None,24,M,,14,None,0,M,M,M,M,M,M,M,M,,M,M,M,M,M,M,M,M,M,,M,M,M,M
KRNM,2/3/2020,RAMONA AIRPORT,CA,SGX,58,1995,65,248 PM,43,23,2002 1999,36,1147 PM,0.01,0.07,0.01,0.28,3.52,M,M,M,1.07,1998,-3.24,M,M,M,M,M,M,M,M,,M,M,M,M
KTUS,2/3/2020,TUCSON INTL AIRPORT,AZ,TWC,69,1925,67,225 PM,47,18,2011,41,1159 PM,0,0.03,0,0.65,1.04,M,M,M,0.45,1927,-0.39,0,M,M,0,M,0,M,M,,M,M,M,M
KCRG,2/3/2020,CRAIG MUNI ARPT,FL,JAX,74,2014,66,436 PM,41,29,1994,45,706 AM,0,0.1,0,0.42,3.61,M,5.52,6.68,1.51,2011,-3.19,0,M,M,M,M,M,M,M,,M,M,M,M
KMCK,2/3/2020,MCCOOK,NE,GLD,35,1962,42,1246 AM,25,-10,1996,15,1159 PM,0,0.02,0,0.29,0.57,M,0.66,1.21,M,,-0.28,M,M,M,M,M,M,M,M,,M,M,M,M
KHLC,2/3/2020,HILL_CITY,KS,GLD,57,1909,43,1200 AM,28,-13,1989,18,1159 PM,T,0.01,T,0.47,0.5,M,1.62,1.19,M,,-0.03,M,M,M,M,M,M,M,M,,M,M,M,M
KGLD,2/3/2020,GOODLAND,KS,GLD,42,1962,43,1202 AM,20,-19,1996,17,1159 PM,0.01,0.02,0.01,0.41,0.43,M,0.71,0.89,0.51,1960,-0.02,T,0,M,T,M,15.4,4,M,,19.2,12,0.6,-3.8
KLBF,2/3/2020,NORTH PLATTE,NE,LBF,33,1962 1909,40,1233 AM,24,-23,1883,13,1159 PM,0,0.02,0,0.2,0.38,M,1.14,0.79,0.87,2012,-0.18,0,0,M,0,M,18.3,8.9,8.5,1955,16.1,9.9,0.5,2.2
KVTN,2/3/2020,VALENTINE,NE,LBF,32,1962,38,1253 AM,22,-28,1996,12,1159 PM,0,0.02,0,0.46,0.3,M,1.34,0.67,0.48,1960,0.16,0,T,M,0,M,26.9,14.7,4,1997,17,9.4,0.5,9.9
KBBW,2/3/2020,BROKEN BOW MUNI,NE,LBF,33,1962,38,153 AM,23,-27,1996,13,1159 PM,0,0.02,0,0.25,0.51,M,0.81,1.01,0.38,1960,-0.26,M,M,M,M,M,M,M,M,,M,M,M,M
KIML,2/3/2020,IMPERIAL MUNICIP,NE,LBF,31,1962,42,1244 AM,22,-17,1996 1989,17,1159 PM,0,0.02,0,0.13,0.34,M,0.37,0.74,0.65,1903,-0.21,M,M,M,M,M,M,M,M,,M,M,M,M
KP28,2/3/2020,MEDICINE_LODGE,KS,DDC,53,1934,48,112 AM,32,-8,1989,23,1159 PM,0,0.03,0,1.11,0.79,M,2.65,1.71,3.35,2012,0.32,0,0,M,0,M,1.3,1.3,M,,6.5,6.3,0.3,-5.2
KGCK,2/3/2020,GARDEN_CITY,KS,DDC,46,1962,45,1233 AM,27,-14,1996,19,1159 PM,0,0.02,0,0.35,0.39,M,1.3,0.91,0.81,1964,-0.04,M,M,M,M,M,M,M,M,,M,M,M,M
KSLK,2/3/2020,SARANAC LAKE/ADIRON,NY,BTV,32,,26,622 PM,15,M,,1,1150 PM,T,0.05,0.01,2.88,2.3,M,4.63,4.59,M,,0.58,M,M,M,M,M,M,M,M,,M,M,M,M
KCMA,2/3/2020,CAMARILLO (AWOS),CA,LOX,62,1963,66,221 PM,42,32,1956 1949,42,742 AM,0,0.08,0,0.45,3.71,M,M,M,1.8,1975,-3.26,0,M,M,0,M,0,0,M,,M,M,M,M
KAPC,2/3/2020,NAPA CO. AIRPORT,CA,MTR,57,2018,57,242 PM,27,30,2012 2011 2003,38,729 AM,0,M,0,1.36,M,M,M,M,M,,M,M,M,M,M,M,M,M,M,,M,M,M,M
KGED,2/3/2020,GEORGETOWN/SUSSEX,DE,PHI,65,2016,45,340 PM,31,2,1971,27,658 AM,0,0.09,0.1,3.12,3.22,M,7.03,6.51,1.47,1973,-0.1,M,M,M,M,M,M,M,M,,M,M,M,M
KPDK,2/3/2020,ATLANTA/DEKALB,GA,FFC,74,,54,356 PM,34,M,,35,624 AM,0,0.16,0.01,7.88,5.31,M,12.45,9.47,M,,2.57,0,0,M,0,M,0,0,M,,M,M,M,M
KTWF,2/3/2020,TWIN FALLS/JOSLIN,ID,BOI,30,,39,524 PM,17,M,,22,1158 PM,T,0.03,T,1.04,1.07,M,M,M,M,,-0.03,M,M,M,M,M,M,M,M,,M,M,M,M
KLLJ,2/3/2020,CHALLIS (AMOS),ID,PIH,26,2018,32,327 PM,2,-16,1996 1950,11,1151 PM,0,0.02,T,0.89,0.58,M,M,M,0.12,1963 1951,0.31,M,M,M,M,M,M,M,M,,M,M,M,M
KCNU,2/3/2020,CHANUTE,KS,ICT,71,1934,45,123 PM,38,-16,2011,24,1132 PM,0,0.05,0,2.51,1.41,M,3.64,3.16,1.74,1986,1.1,M,M,M,M,M,M,M,M,,M,M,M,M
KOAX,2/3/2020,Omaha - Valley,NE,OAX,35,,34,1210 AM,25,M,,15,1159 PM,0,0.03,0,1.1,0.88,M,3.34,1.99,M,,0.22,0,0,M,0,M,12.2,7.8,M,,M,M,M,M
KEMP,2/3/2020,EMPORIA,KS,TOP,61,,43,None,32,M,,22,None,0,0.04,0,1.43,0.75,M,2.72,2.1,M,,0.68,M,M,M,M,M,M,M,M,,M,M,M,M
KDGC,2/3/2020,Dodge City,KS,DDC,50,1934,46,1209 AM,28,-13,1989,21,1159 PM,0,0.02,0,1,0.64,M,2.32,1.48,0.4,1964 1955,0.36,0,0,M,0,M,7.7,6.2,2.1,1955,11.7,9.5,0.5,-4
KBIV,2/3/2020,HOLLAND,MI,GRR,50,,33,440 PM,30,M,,20,811 AM,0,0.05,0.06,2.76,2.23,M,5,4.53,M,,0.53,M,M,M,M,M,M,M,M,,M,M,M,M
KMTH,2/3/2020,MARATHON AIRPORT,FL,KEY,71,2007,76,1159 PM,57,46,1951,66,715 AM,0,0.06,0.25,1.94,1.79,M,6.53,3.81,3.95,1998,0.15,0,0,M,0,M,0,0,M,,M,M,M,M
KMIE,2/3/2020,MUNCIE,IN,IND,64,,35,1010 PM,33,M,,19,532 AM,0,0.08,0,2.8,2.46,M,4.85,5.34,M,,0.34,M,M,M,M,M,M,M,M,,M,M,M,M
KJKL,2/3/2020,JACKSON/J. CARROLL,KY,JKL,69,2019,45,349 PM,52,1,1996,28,816 AM,T,0.13,0.16,3.53,4.01,M,9.83,8.19,2.38,1990,-0.48,0,0,M,0,M,3,1.8,4.6,1998,13.5,12.9,0.9,-10.5
KTTN,2/3/2020,TRENTON/MERCER CO.,NJ,PHI,58,2006,40,310 PM,32,2,1881,24,439 AM,0,0.07,0.12,2.18,3.38,M,7.26,7.08,1.57,1939,-1.2,M,M,M,M,M,M,M,M,,M,M,M,M
KCNK,2/3/2020,CONCORDIA,KS,TOP,43,1962,40,112 AM,31,-15,1887,20,1159 PM,0,0.03,0,1.17,0.66,M,3.15,1.51,1.68,2012,0.51,0,0,M,0,M,9.1,M,7.1,1955,12.9,M,0.7,-3.8
KLWV,2/3/2020,LAWRENCEVILLE,IL,ILX,72,,41,215 PM,36,M,,24,526 AM,T,0.08,T,5.98,2.6,M,8.7,5.99,M,,3.38,M,M,M,M,M,M,M,M,,M,M,M,M
KMTO,2/3/2020,MATTOON/CHARLEST,IL,ILX,66,,36,240 PM,38,M,,21,259 AM,T,0.06,T,4.52,2.4,M,6.05,5.17,M,,2.12,M,M,M,M,M,M,M,M,,M,M,M,M
KBYG,2/3/2020,BUFFALO/JOHNSON COUNTY,WY,RIW,18,2005,37,1237 AM,10,-5,2017,17,1155 PM,0.13,0.01,0.38,0.5,0.46,M,0.51,0.86,0.06,2000,0.04,M,M,M,M,M,M,M,M,,M,M,M,M
KMAE,2/3/2020,MADERA MUNICIPAL AIRPORT,CA,HNX,54,2018,58,346 PM,30,27,2002,39,233 AM,0,0.06,0,0.64,2.61,M,M,M,0.47,2008,-1.97,0,0,M,0,M,0,0,M,,M,M,M,M
KOAK,2/3/2020,OAKLAND,CA,MTR,60,2018,59,124 PM,43,29,1957,43,737 AM,0,0.11,0,1.74,4.3,M,M,M,0.48,1950,-2.56,0,M,M,0,M,0,0,M,,M,M,M,M
K2WX,2/3/2020,BUFFALO,SD,UNR,29,,32,222 PM,20,M,,11,1159 PM,0,0.01,0,0.07,0.32,M,0.22,0.61,M,,-0.32,M,M,M,M,M,M,M,M,,M,M,M,M
KAAT,2/3/2020,ALTURAS (WAS O00),CA,MFR,32,1995,44,339 PM,10,-9,1979,20,730 AM,0,0.05,0.03,1.82,1.78,M,M,M,0.76,1980,0.04,M,M,M,M,M,M,M,M,,M,M,M,M
KLAW,2/3/2020,LAWTON MUNICIPAL,OK,OUN,68,1962,56,325 PM,40,2,1996 1989 1985,30,801 AM,0,0.05,0,2.8,1.31,M,3.3,3.05,1.05,1960,1.49,0,M,M,M,M,M,M,M,,M,M,M,M
KDMH,2/3/2020,BALTIMORE INNER HARBOR,MD,LWX,68,,44,1240 PM,37,M,,30,651 AM,0,0.09,0.11,3.2,3.2,M,6.73,6.61,M,,0,M,M,M,M,M,M,M,M,,M,M,M,M
PGUM,2/3/2020,Agana,GU,GUM,81,1989 1985,85,311 PM,75,68,1973,75,615 AM,0.26,0.15,2.72,5.71,5.41,M,7.17,11.39,2.53,1962,0.3,0,0,M,0,M,0,0,M,,M,M,M,M
TIST,2/3/2020,Charlotte Amalie,VI,SJU,84,1995,85,500 PM,74,65,1986,73,648 AM,0,0.05,T,3.06,2.54,M,7.99,5.5,1.12,1956,0.52,0,M,M,0,M,0,0,M,,0,0,0,0
PHNL,2/3/2020,HONOLULU_INTL/OAHU_(ASOS),HI,HFO,84,1986,80,1232 PM,70,55,1976,66,527 AM,0,0.07,T,1.13,2.52,M,2.82,5.76,2.03,1979,-1.39,0,M,M,0,M,0,0,M,,M,M,M,M
PAKN,2/3/2020,KING SALMON,AK,AFC,37,1982,25,905 AM,33,-34,1999,9,1159 PM,0.02,0.03,0.02,0.38,1.11,M,2.78,2.34,0.79,1955,-0.73,M,M,M,M,M,M,M,M,,M,M,M,M
PADQ,2/3/2020,KODIAK,AK,AFC,40,1957,35,346 PM,33,-8,2006,26,1159 PM,0.77,0.24,1.4,3.78,9,M,13.79,17.73,1.44,1988,-5.22,M,M,M,M,M,M,M,M,,M,M,M,M
POGG,2/3/2020,KAHULUI,HI,HFO,85,1953,81,1250 PM,62,53,1998,63,720 AM,0,0.08,T,2.86,3.11,M,5.06,6.46,4.44,1965,-0.25,0,M,M,0,M,0,0,M,,M,M,M,M
PLIH,2/3/2020,Lihue,HI,HFO,80,1962,78,415 PM,69,57,1998 1987 1966,65,1159 PM,0.03,0.12,0.26,1.38,4.11,M,5.6,9.31,2.08,1968,-2.73,0,M,M,0,M,0,0,M,,M,M,M,M
PITO,2/3/2020,Hilo,HI,HFO,82,1975 1961,79,227 PM,64,56,1987,63,638 AM,0.11,0.33,0.85,15.82,10.28,M,27.01,21.85,9.44,2008,5.54,0,M,M,0,M,0,0,M,,M,M,M,M
PFAI,2/3/2020,Fairbanks,AK,AFG,9,1941,4,732 AM,-9,-58,1947,-15,829 PM,0,0.02,T,0.42,0.63,M,0.8,1.27,0.77,1932,-0.21,M,19,M,T,M,41.2,14.2,7.1,1932,49.1,23.3,0.9,-7.9
PCDB,2/3/2020,Cold Bay,AK,AFC,42,1985,33,110 PM,36,-7,1947,24,613 PM,0.17,0.11,0.81,2.44,3.49,M,5.67,7.95,1.17,1975,-1.05,M,M,M,M,M,M,M,M,,M,M,M,M
PBRW,2/3/2020,Barrow,AK,AFG,-25,1982,-8,1159 PM,-36,-56,1924,-20,831 PM,0,0,T,0.13,0.14,M,0.26,0.28,0.06,1948,-0.01,M,M,M,0,M,9.1,0,1.5,1921,26.7,6.4,0.3,-17.6
PYAK,2/3/2020,Yakutat,AK,AJK,35,1942,35,None,24,-14,1968,23,None,0.16,0.38,0.17,4.52,14.82,M,M,M,3.28,1984,-10.3,M,M,M,M,M,M,M,M,,M,M,M,M
PSNP,2/3/2020,St Paul,AK,AFC,38,2019 1989 1985,28,310 PM,36,-6,1954,20,1114 PM,T,0.05,0.45,2.21,1.73,M,5.02,3.98,0.44,1975,0.48,M,M,M,M,M,M,M,M,,M,M,M,M
POTZ,2/3/2020,Kotzebue,AK,AFG,-7,1982,5,1159 PM,-21,-45,1968,-9,1203 AM,0,0.02,0.01,0.34,0.68,M,0.51,1.44,0.18,1974,-0.34,M,M,M,0,M,3.7,0,6,1929,39,21.6,1,-35.3
POME,2/3/2020,Nome,AK,AFG,17,1982,14,951 PM,6,-37,2012 1947,-2,1201 AM,0.06,0.03,0.23,0.64,1.04,M,1.01,2.12,0.59,1975,-0.4,M,M,M,M,M,7.2,M,8,1931,45.8,28.5,1.3,-38.6
PMCG,2/3/2020,McGrath,AK,AFC,19,1982,7,841 PM,2,-64,1947,-12,1113 AM,T,0.03,T,T,1.19,M,0.75,2.48,0.44,2019,-1.19,M,M,M,0,M,T,0,5.1,2019,68.3,37.3,1.4,-68.3
PJNU,2/3/2020,Juneau,AK,AJK,35,2012,34,None,20,-7,1968,24,None,0.44,0.15,0.73,5.54,5.81,M,M,M,1.16,1993,-0.27,4.6,M,M,9.5,M,M,M,18.9,1993,M,M,2.3,M
PBET,2/3/2020,Bethel,AK,AFC,36,1982,15,745 AM,31,-43,1947,3,1158 PM,0.11,0.03,0.33,0.8,0.86,M,1.38,1.98,0.28,1981,-0.06,M,M,M,M,M,M,M,M,,M,M,M,M
PASI,2/3/2020,SITKA,AK,AJK,39,1977,41,None,30,8,1968,32,None,0.26,0.24,0.57,7.8,9.11,M,M,M,1.67,1954,-1.31,M,M,M,M,M,M,M,M,,M,M,M,M
KSJC,2/3/2020,SAN JOSE INTL A,CA,MTR,56,2018,60,317 PM,37,27,1895,44,739 AM,0,0.12,0,0.8,3.33,M,M,M,2.23,1998,-2.53,0,M,M,0,M,0,0,M,,0,0,0,0
KNUQ,2/3/2020,MOFFETT NAS/MTN VIE,CA,MTR,M,,M,MM,M,M,,M,MM,M,M,M,M,M,M,M,M,M,,M,M,M,M,M,M,M,M,M,,M,M,M,M
KAUO,2/3/2020,AUBURN-OPELIKA APT,AL,BMX,74,,M,MM,42,M,,M,MM,0,M,0.01,7.55,M,M,14.06,M,M,,M,M,M,M,M,M,M,M,M,,M,M,M,M
